start_date,end_date,dry_days,pi_slope_per_day,pi_start,pi_end,pi_drop,pi_recovery_after_rain,is_soiling,meter
2020-02-08,2020-03-03,25,-0.0,0.0019,0.0019,0.0,0.0019,False,solar.bun_bg#realenergyintotheload#kwh
2020-03-06,2020-04-28,53,-2.6e-05,0.0019,0.0009,0.001,0.0009,False,solar.bun_bg#realenergyintotheload#kwh
2020-04-30,2020-05-08,9,0.0,0.0009,0.0009,0.0,0.0009,False,solar.bun_bg#realenergyintotheload#kwh
2020-05-10,2020-08-06,46,-0.106731,0.0009,0.8032,-0.8023,0.6424,True,solar.bun_bg#realenergyintotheload#kwh
2020-08-08,2020-10-16,61,-0.000448,0.6424,1.4209,-0.7785,0.9429,False,solar.bun_bg#realenergyintotheload#kwh
2020-10-18,2021-02-04,21,0.021865,1.1064,1.2676,-0.1612,0.7083,False,solar.bun_bg#realenergyintotheload#kwh
2021-02-06,2021-02-22,11,0.033793,0.6983,1.1271,-0.4288,0.5811,False,solar.bun_bg#realenergyintotheload#kwh
2021-03-24,2021-06-07,37,0.006456,0.6265,0.4706,0.1559,0.6432,False,solar.bun_bg#realenergyintotheload#kwh
2021-06-11,2021-07-13,28,-0.044598,0.6432,0.0,0.6432,0.0,True,solar.bun_bg#realenergyintotheload#kwh
2021-07-15,2021-07-19,5,-0.0,0.0,0.0,0.0,0.0,False,solar.bun_bg#realenergyintotheload#kwh
2021-07-21,2021-09-28,65,0.011106,0.0,1.3628,-1.3628,0.5402,False,solar.bun_bg#realenergyintotheload#kwh
2021-10-01,2021-10-29,19,-0.01995,1.5521,0.8399,0.7122,0.6127,True,solar.bun_bg#realenergyintotheload#kwh
2021-11-13,2022-01-25,13,-0.009541,0.6127,1.233,-0.6202,0.9805,True,solar.bun_bg#realenergyintotheload#kwh
2022-01-30,2022-02-14,15,0.003988,1.0464,1.14,-0.0936,0.4281,False,solar.bun_bg#realenergyintotheload#kwh
2022-03-16,2022-04-17,19,0.042934,0.4281,1.1838,-0.7557,0.2287,False,solar.bun_bg#realenergyintotheload#kwh
2022-04-20,2022-05-26,16,-0.055557,1.0373,0.4859,0.5513,0.7922,True,solar.bun_bg#realenergyintotheload#kwh
2022-06-06,2022-07-16,36,0.003107,0.9848,0.3722,0.6126,0.8042,False,solar.bun_bg#realenergyintotheload#kwh
2022-07-18,2022-08-28,29,-0.002176,0.8019,0.9884,-0.1865,0.4085,True,solar.bun_bg#realenergyintotheload#kwh
2022-08-30,2022-09-07,9,0.065427,0.4085,1.2655,-0.8569,0.5867,False,solar.bun_bg#realenergyintotheload#kwh
2022-09-09,2022-09-26,18,0.020571,0.769,0.5988,0.1702,0.5843,False,solar.bun_bg#realenergyintotheload#kwh
2022-10-08,2022-10-18,9,0.035694,0.6937,1.2027,-0.509,0.6922,False,solar.bun_bg#realenergyintotheload#kwh
2022-10-25,2023-06-06,63,0.001354,0.9753,0.3948,0.5804,0.7044,False,solar.bun_bg#realenergyintotheload#kwh
2023-06-11,2023-06-22,9,0.06957,1.106,1.0396,0.0664,0.4702,False,solar.bun_bg#realenergyintotheload#kwh
2023-06-24,2023-08-21,41,0.012345,1.1421,1.4093,-0.2672,1.0,False,solar.bun_bg#realenergyintotheload#kwh
2023-08-23,2023-09-30,29,0.016211,1.0,1.2051,-0.2051,1.0775,False,solar.bun_bg#realenergyintotheload#kwh
2023-10-08,2023-12-13,10,-0.10757,1.0775,0.5231,0.5544,0.4192,True,solar.bun_bg#realenergyintotheload#kwh
2024-01-24,2024-11-16,99,0.000694,1.1834,1.3237,-0.1403,0.9769,False,solar.bun_bg#realenergyintotheload#kwh
2024-11-18,2024-11-23,6,-0.041412,0.9769,0.794,0.1829,0.2531,True,solar.bun_bg#realenergyintotheload#kwh
2024-12-02,2025-01-05,35,0.001627,1.2533,0.7071,0.5463,1.0586,False,solar.bun_bg#realenergyintotheload#kwh
2025-01-07,2025-03-15,63,-0.002097,1.3357,0.8045,0.5313,1.0285,True,solar.bun_bg#realenergyintotheload#kwh
2025-03-21,2025-06-07,79,-0.00108,0.4953,0.7309,-0.2356,0.4398,False,solar.bun_bg#realenergyintotheload#kwh
2025-06-09,2025-07-21,31,-0.004197,0.4398,1.0459,-0.6061,0.5223,True,solar.bun_bg#realenergyintotheload#kwh
2025-07-27,2025-08-12,13,0.041295,0.5223,0.7306,-0.2083,,False,solar.bun_bg#realenergyintotheload#kwh
2020-04-17,2020-04-28,12,0.0,0.0001,0.0001,0.0,0.0001,False,solar.bun_carm1#realenergyintotheload#kwh
2020-04-30,2020-05-08,9,0.0,0.0001,0.0001,0.0,0.0001,False,solar.bun_carm1#realenergyintotheload#kwh
2020-05-10,2020-08-06,61,-0.013741,0.0001,0.8735,-0.8734,0.6456,True,solar.bun_carm1#realenergyintotheload#kwh
2020-08-08,2020-10-16,62,-0.000835,0.6456,1.2908,-0.6451,0.7946,False,solar.bun_carm1#realenergyintotheload#kwh
2020-10-18,2021-02-04,24,0.019754,1.1549,1.3051,-0.1501,0.7888,False,solar.bun_carm1#realenergyintotheload#kwh
2021-02-06,2021-02-22,12,0.013166,0.7575,1.2947,-0.5371,0.6216,False,solar.bun_carm1#realenergyintotheload#kwh
2021-03-24,2021-06-07,37,0.006381,0.7441,0.6701,0.074,0.7255,False,solar.bun_carm1#realenergyintotheload#kwh
2021-06-11,2021-07-19,32,0.000635,0.7255,0.6806,0.0449,0.7635,False,solar.bun_carm1#realenergyintotheload#kwh
2021-07-22,2021-09-28,62,0.005022,0.7635,1.4215,-0.658,0.5783,False,solar.bun_carm1#realenergyintotheload#kwh
2021-10-01,2021-10-28,17,-0.024114,1.754,0.9606,0.7933,0.689,True,solar.bun_carm1#realenergyintotheload#kwh
2021-11-13,2022-01-25,15,-0.022394,0.7089,1.3087,-0.5998,0.8964,True,solar.bun_carm1#realenergyintotheload#kwh
2022-01-30,2022-02-19,16,0.005791,1.0742,1.1967,-0.1225,0.4476,False,solar.bun_carm1#realenergyintotheload#kwh
2022-03-16,2022-04-17,18,0.035509,0.4476,1.129,-0.6814,0.2505,False,solar.bun_carm1#realenergyintotheload#kwh
2022-04-20,2022-05-26,16,-0.038846,1.0234,0.4933,0.5302,0.7787,True,solar.bun_carm1#realenergyintotheload#kwh
2022-06-06,2022-07-16,37,0.002124,0.9811,0.3586,0.6225,0.7844,False,solar.bun_carm1#realenergyintotheload#kwh
2022-07-18,2022-08-28,29,0.003148,0.765,1.1142,-0.3492,0.4756,False,solar.bun_carm1#realenergyintotheload#kwh
2022-08-30,2022-09-07,9,0.058693,0.4756,1.2897,-0.8141,0.579,False,solar.bun_carm1#realenergyintotheload#kwh
2022-09-09,2022-09-26,18,0.021051,0.8442,0.6138,0.2305,0.5876,False,solar.bun_carm1#realenergyintotheload#kwh
2022-10-08,2022-10-18,9,0.030906,0.8325,1.0835,-0.251,0.7022,False,solar.bun_carm1#realenergyintotheload#kwh
2022-10-25,2023-06-06,54,0.000425,0.8558,0.3952,0.4606,0.7136,False,solar.bun_carm1#realenergyintotheload#kwh
2023-06-11,2023-06-22,9,0.053246,1.0832,0.9951,0.0881,0.5107,False,solar.bun_carm1#realenergyintotheload#kwh
2023-06-24,2023-08-21,41,0.010913,1.2546,1.2221,0.0324,1.1423,False,solar.bun_carm1#realenergyintotheload#kwh
2023-08-23,2023-09-30,29,0.017124,1.1423,1.1516,-0.0093,1.0604,False,solar.bun_carm1#realenergyintotheload#kwh
2023-10-08,2023-12-13,13,-0.065065,1.0604,0.5737,0.4867,0.4241,True,solar.bun_carm1#realenergyintotheload#kwh
2024-01-24,2024-10-17,118,-0.000727,1.399,0.7947,0.6043,0.6902,False,solar.bun_carm1#realenergyintotheload#kwh
2024-10-19,2024-11-16,29,0.005023,1.0398,1.3404,-0.3006,0.9713,False,solar.bun_carm1#realenergyintotheload#kwh
2024-11-18,2024-11-23,6,-0.016721,0.9713,0.8707,0.1006,0.2371,True,solar.bun_carm1#realenergyintotheload#kwh
2024-12-01,2025-01-05,36,0.000229,0.9726,0.6673,0.3053,1.3203,False,solar.bun_carm1#realenergyintotheload#kwh
2025-01-07,2025-03-15,68,-0.00244,1.3584,0.798,0.5604,0.9836,True,solar.bun_carm1#realenergyintotheload#kwh
2025-03-21,2025-06-07,78,-0.0003,0.4971,0.6836,-0.1865,0.5007,False,solar.bun_carm1#realenergyintotheload#kwh
2025-06-09,2025-07-21,31,-0.003013,0.5007,0.941,-0.4403,0.6038,True,solar.bun_carm1#realenergyintotheload#kwh
2025-07-27,2025-08-12,13,0.03171,0.6038,0.7429,-0.1391,,False,solar.bun_carm1#realenergyintotheload#kwh
2020-04-22,2020-04-28,7,0.0,0.0002,0.0002,0.0,0.0002,False,solar.bun_carm2#realenergyintotheload#kwh
2020-04-30,2020-05-08,9,0.0,0.0002,0.0002,0.0,0.0002,False,solar.bun_carm2#realenergyintotheload#kwh
2020-05-10,2020-08-06,59,-0.001795,0.0002,0.9445,-0.9443,0.6677,False,solar.bun_carm2#realenergyintotheload#kwh
2020-08-08,2020-10-16,62,-0.000773,0.6677,1.4008,-0.7331,0.8436,False,solar.bun_carm2#realenergyintotheload#kwh
2020-10-18,2021-02-04,22,0.025285,1.2841,1.4205,-0.1364,0.8283,False,solar.bun_carm2#realenergyintotheload#kwh
2021-02-06,2021-02-22,14,0.018712,0.7799,1.3766,-0.5967,0.6928,False,solar.bun_carm2#realenergyintotheload#kwh
2021-03-24,2021-06-07,36,-0.024069,0.7584,0.1495,0.6088,0.1643,True,solar.bun_carm2#realenergyintotheload#kwh
2021-06-11,2021-09-28,93,0.015055,0.1643,1.5171,-1.3528,0.5899,False,solar.bun_carm2#realenergyintotheload#kwh
2021-10-01,2021-10-28,19,-0.015463,1.9929,1.0352,0.9577,0.6832,True,solar.bun_carm2#realenergyintotheload#kwh
2021-11-13,2022-01-25,16,-0.01929,0.747,1.4313,-0.6843,0.9678,True,solar.bun_carm2#realenergyintotheload#kwh
2022-01-30,2022-02-14,15,0.010426,1.1254,1.2786,-0.1532,0.4608,False,solar.bun_carm2#realenergyintotheload#kwh
2022-03-16,2022-04-17,19,0.041923,0.4608,1.2364,-0.7756,0.246,False,solar.bun_carm2#realenergyintotheload#kwh
2022-04-20,2022-05-26,16,-0.051304,1.1117,0.437,0.6747,0.7761,True,solar.bun_carm2#realenergyintotheload#kwh
2022-06-06,2022-07-16,37,0.005109,1.0502,0.3822,0.668,0.8596,False,solar.bun_carm2#realenergyintotheload#kwh
2022-07-18,2022-08-28,29,0.003236,0.7796,1.1883,-0.4087,0.4625,False,solar.bun_carm2#realenergyintotheload#kwh
2022-08-30,2022-09-07,9,0.068625,0.4625,1.4439,-0.9813,0.5837,False,solar.bun_carm2#realenergyintotheload#kwh
2022-09-09,2022-09-26,18,0.026521,0.8451,0.648,0.197,0.6425,False,solar.bun_carm2#realenergyintotheload#kwh
2022-10-08,2022-10-18,9,0.03674,0.9151,1.178,-0.2628,0.7512,False,solar.bun_carm2#realenergyintotheload#kwh
2022-10-25,2023-05-25,69,-0.000147,0.9427,0.2618,0.681,0.3632,False,solar.bun_carm2#realenergyintotheload#kwh
2023-05-30,2023-06-06,5,0.016474,0.466,0.2712,0.1948,1.0427,False,solar.bun_carm2#realenergyintotheload#kwh
2023-06-08,2023-06-22,11,-0.002477,1.1024,0.7173,0.385,0.3422,True,solar.bun_carm2#realenergyintotheload#kwh
2023-06-24,2023-08-21,41,0.010041,0.9602,0.9617,-0.0015,0.9328,False,solar.bun_carm2#realenergyintotheload#kwh
2023-08-23,2023-10-01,30,0.013402,0.9328,1.1082,-0.1754,0.4156,False,solar.bun_carm2#realenergyintotheload#kwh
2023-10-05,2024-01-12,41,-0.005687,0.4156,1.1179,-0.7022,0.6193,True,solar.bun_carm2#realenergyintotheload#kwh
2024-01-20,2024-10-17,123,0.002075,0.6193,1.0006,-0.3812,0.7316,False,solar.bun_carm2#realenergyintotheload#kwh
2024-10-19,2024-11-16,29,0.004782,1.1718,1.6019,-0.43,1.0317,False,solar.bun_carm2#realenergyintotheload#kwh
2024-11-18,2024-11-23,6,-0.029214,1.0317,0.9009,0.1308,0.2514,True,solar.bun_carm2#realenergyintotheload#kwh
2024-12-01,2025-01-05,36,0.000233,1.0217,0.7179,0.3038,1.3935,False,solar.bun_carm2#realenergyintotheload#kwh
2025-01-07,2025-03-15,68,-0.001267,1.4937,0.9147,0.5791,1.2159,False,solar.bun_carm2#realenergyintotheload#kwh
2025-03-21,2025-06-07,79,-0.000882,0.5316,0.6601,-0.1285,0.4972,False,solar.bun_carm2#realenergyintotheload#kwh
2025-06-09,2025-07-21,31,-0.001628,0.4972,1.4322,-0.9351,0.566,False,solar.bun_carm2#realenergyintotheload#kwh
2025-07-27,2025-08-12,13,0.041932,0.566,0.7823,-0.2163,,False,solar.bun_carm2#realenergyintotheload#kwh
2020-03-26,2020-04-28,34,0.000319,0.0034,0.0108,-0.0075,0.0108,False,solar.bun_cs1#realenergyintotheload#kwh
2020-04-30,2020-05-08,9,0.0,0.0108,0.0108,0.0,0.0108,False,solar.bun_cs1#realenergyintotheload#kwh
2020-05-10,2020-08-06,52,-0.233299,0.0108,0.9328,-0.922,0.6127,True,solar.bun_cs1#realenergyintotheload#kwh
2020-08-08,2020-10-16,61,0.000117,0.6127,1.4016,-0.7889,0.7978,False,solar.bun_cs1#realenergyintotheload#kwh
2020-10-18,2021-02-04,16,0.045974,1.1917,1.3288,-0.1371,0.7394,False,solar.bun_cs1#realenergyintotheload#kwh
2021-02-06,2021-02-22,10,0.03671,0.7083,1.2735,-0.5652,0.5982,False,solar.bun_cs1#realenergyintotheload#kwh
2021-03-24,2021-06-07,36,0.008442,0.7179,0.4688,0.2491,0.6301,False,solar.bun_cs1#realenergyintotheload#kwh
2021-06-11,2021-07-19,32,0.001987,0.6301,0.5683,0.0618,0.7419,False,solar.bun_cs1#realenergyintotheload#kwh
2021-07-22,2021-09-28,62,0.005881,0.7419,1.4654,-0.7235,0.5393,False,solar.bun_cs1#realenergyintotheload#kwh
2021-10-01,2021-10-28,17,-0.022462,1.8035,0.9798,0.8237,0.6669,True,solar.bun_cs1#realenergyintotheload#kwh
2021-11-13,2022-01-25,12,-0.047559,0.6669,1.305,-0.6381,0.9736,True,solar.bun_cs1#realenergyintotheload#kwh
2022-01-30,2022-02-14,15,0.001172,1.0473,1.2203,-0.173,0.425,False,solar.bun_cs1#realenergyintotheload#kwh
2022-03-16,2022-04-17,18,0.038488,0.425,1.2042,-0.7792,0.213,False,solar.bun_cs1#realenergyintotheload#kwh
2022-04-20,2022-05-26,17,-0.039532,1.068,0.406,0.662,0.7483,True,solar.bun_cs1#realenergyintotheload#kwh
2022-06-06,2022-07-16,35,0.004753,0.9221,0.4596,0.4625,0.7215,False,solar.bun_cs1#realenergyintotheload#kwh
2022-07-18,2022-08-28,29,0.002874,0.7215,1.0744,-0.3529,0.4439,False,solar.bun_cs1#realenergyintotheload#kwh
2022-08-30,2022-09-07,9,0.062593,0.4439,1.3641,-0.9202,0.5569,False,solar.bun_cs1#realenergyintotheload#kwh
2022-09-09,2022-09-26,18,0.029779,0.7826,0.6088,0.1738,0.6218,False,solar.bun_cs1#realenergyintotheload#kwh
2022-09-28,2022-10-04,5,0.317302,0.3447,0.7366,-0.3919,0.2976,False,solar.bun_cs1#realenergyintotheload#kwh
2022-10-08,2022-10-18,9,0.046987,0.7934,1.0686,-0.2752,0.6808,False,solar.bun_cs1#realenergyintotheload#kwh
2022-10-25,2023-06-06,53,0.001398,0.8763,0.3282,0.5481,1.1236,False,solar.bun_cs1#realenergyintotheload#kwh
2023-06-08,2023-06-22,10,0.017363,1.2649,0.9504,0.3145,0.4295,False,solar.bun_cs1#realenergyintotheload#kwh
2023-06-24,2023-08-21,39,0.014332,1.1003,1.3874,-0.2871,0.9253,False,solar.bun_cs1#realenergyintotheload#kwh
2023-08-23,2023-09-30,29,0.021918,0.9253,1.2894,-0.364,0.685,False,solar.bun_cs1#realenergyintotheload#kwh
2023-10-06,2024-01-16,18,-0.064386,0.685,0.3827,0.3023,1.202,True,solar.bun_cs1#realenergyintotheload#kwh
2024-01-18,2024-11-16,114,-0.001437,1.2237,1.3973,-0.1736,0.5796,False,solar.bun_cs1#realenergyintotheload#kwh
2024-11-18,2024-11-23,6,0.055912,0.9524,0.9733,-0.0209,0.2339,False,solar.bun_cs1#realenergyintotheload#kwh
2024-12-02,2025-01-05,35,0.002841,1.22,0.6864,0.5335,1.1343,False,solar.bun_cs1#realenergyintotheload#kwh
2025-01-07,2025-03-15,63,-0.003854,1.3448,0.7634,0.5814,0.9098,True,solar.bun_cs1#realenergyintotheload#kwh
2025-03-21,2025-06-07,78,-0.000471,0.4831,0.5938,-0.1107,0.4509,False,solar.bun_cs1#realenergyintotheload#kwh
2025-06-09,2025-07-21,31,0.002817,0.4509,0.8792,-0.4283,0.5598,False,solar.bun_cs1#realenergyintotheload#kwh
2025-07-27,2025-08-12,13,0.037319,0.5598,0.6849,-0.1251,,False,solar.bun_cs1#realenergyintotheload#kwh
2020-07-10,2020-08-06,16,0.047718,1.2326,0.8438,0.3889,0.6889,False,solar.bun_dmw#realenergyintotheload#kwh
2020-08-08,2020-10-16,61,0.001207,0.6889,1.57,-0.8811,1.0914,False,solar.bun_dmw#realenergyintotheload#kwh
2020-10-18,2021-02-04,16,0.041504,1.3161,1.3352,-0.0191,0.8374,False,solar.bun_dmw#realenergyintotheload#kwh
2021-02-06,2021-02-22,11,0.030601,0.8301,1.1412,-0.3111,0.666,False,solar.bun_dmw#realenergyintotheload#kwh
2021-03-24,2021-06-07,37,0.005326,0.7524,0.5136,0.2388,0.6489,False,solar.bun_dmw#realenergyintotheload#kwh
2021-06-11,2021-07-19,32,0.003486,0.6489,0.5894,0.0596,0.7922,False,solar.bun_dmw#realenergyintotheload#kwh
2021-07-22,2021-09-28,62,0.006922,0.7922,1.6456,-0.8534,0.5892,False,solar.bun_dmw#realenergyintotheload#kwh
2021-10-01,2021-10-28,18,-0.022356,1.7877,1.0745,0.7132,0.7184,True,solar.bun_dmw#realenergyintotheload#kwh
2021-11-13,2022-01-25,10,0.045883,0.7184,1.4684,-0.75,1.1558,False,solar.bun_dmw#realenergyintotheload#kwh
2022-01-30,2022-02-14,15,0.005829,1.2558,1.3965,-0.1407,0.4938,False,solar.bun_dmw#realenergyintotheload#kwh
2022-03-16,2022-04-17,18,0.045321,0.4938,1.3531,-0.8594,0.2206,False,solar.bun_dmw#realenergyintotheload#kwh
2022-04-20,2022-05-26,17,-0.057255,1.1145,0.4611,0.6534,0.746,True,solar.bun_dmw#realenergyintotheload#kwh
2022-06-06,2022-07-16,34,0.007596,1.0767,0.3226,0.7541,0.826,False,solar.bun_dmw#realenergyintotheload#kwh
2022-07-18,2022-08-28,28,0.001522,0.7948,1.15,-0.3551,0.4227,False,solar.bun_dmw#realenergyintotheload#kwh
2022-08-30,2022-09-07,9,0.067532,0.4227,1.4097,-0.987,0.6734,False,solar.bun_dmw#realenergyintotheload#kwh
2022-09-09,2022-09-26,18,0.028504,0.8947,0.6448,0.2499,0.631,False,solar.bun_dmw#realenergyintotheload#kwh
2022-09-28,2022-10-04,5,0.301494,0.4081,0.8425,-0.4345,0.3177,False,solar.bun_dmw#realenergyintotheload#kwh
2022-10-08,2022-10-18,8,0.074299,0.8773,1.3417,-0.4645,0.7989,False,solar.bun_dmw#realenergyintotheload#kwh
2022-10-25,2023-06-05,50,0.000951,1.1506,1.1399,0.0107,0.6906,False,solar.bun_dmw#realenergyintotheload#kwh
2023-06-11,2023-08-21,48,0.008977,1.1142,1.5872,-0.4729,1.0501,False,solar.bun_dmw#realenergyintotheload#kwh
2023-08-23,2023-09-30,29,0.021567,1.0501,1.4015,-0.3514,0.8225,False,solar.bun_dmw#realenergyintotheload#kwh
2023-10-06,2023-12-11,10,-0.065338,0.8225,0.2054,0.617,0.4458,True,solar.bun_dmw#realenergyintotheload#kwh
2024-01-24,2024-11-16,97,0.000815,1.459,1.5975,-0.1386,1.0641,False,solar.bun_dmw#realenergyintotheload#kwh
2024-11-18,2024-11-23,6,-0.055162,1.0641,0.8433,0.2209,0.1496,True,solar.bun_dmw#realenergyintotheload#kwh
2024-12-01,2025-01-05,36,0.0,0.0,0.0,-0.0,0.0,False,solar.bun_dmw#realenergyintotheload#kwh
2025-01-07,2025-03-15,65,0.018082,0.0,0.8147,-0.8147,1.0935,False,solar.bun_dmw#realenergyintotheload#kwh
2025-03-21,2025-06-07,79,-0.002829,0.4972,0.699,-0.2018,0.4082,True,solar.bun_dmw#realenergyintotheload#kwh
2025-06-09,2025-07-21,31,-0.004772,0.4082,0.97,-0.5618,0.5037,True,solar.bun_dmw#realenergyintotheload#kwh
2025-07-27,2025-08-12,13,0.041886,0.5037,0.6457,-0.142,,False,solar.bun_dmw#realenergyintotheload#kwh
2020-05-13,2020-08-06,22,-0.050418,0.0052,0.7815,-0.7763,0.6119,True,solar.bun_dw#realenergyintotheload#kwh
2020-08-08,2020-10-16,61,0.000659,0.6119,1.2534,-0.6414,0.924,False,solar.bun_dw#realenergyintotheload#kwh
2020-10-18,2021-02-04,17,0.035769,1.1817,1.1886,-0.0069,0.7178,False,solar.bun_dw#realenergyintotheload#kwh
2021-02-06,2021-02-17,9,0.031693,0.7094,1.4076,-0.6981,0.5782,False,solar.bun_dw#realenergyintotheload#kwh
2021-03-24,2021-06-07,36,0.00497,0.6887,0.4119,0.2768,0.6071,False,solar.bun_dw#realenergyintotheload#kwh
2021-06-11,2021-09-28,94,0.004342,0.6071,1.3569,-0.7498,0.5478,False,solar.bun_dw#realenergyintotheload#kwh
2021-10-01,2021-10-28,17,-0.021988,1.6742,0.9617,0.7125,0.6114,True,solar.bun_dw#realenergyintotheload#kwh
2021-11-13,2022-01-25,11,0.005875,0.6114,1.2544,-0.643,1.0232,False,solar.bun_dw#realenergyintotheload#kwh
2022-01-30,2022-02-14,15,0.001074,1.0871,1.2303,-0.1432,0.4375,False,solar.bun_dw#realenergyintotheload#kwh
2022-03-16,2022-04-17,18,0.039339,0.4375,1.1411,-0.7037,0.2082,False,solar.bun_dw#realenergyintotheload#kwh
2022-04-20,2022-05-26,16,-0.048709,0.9906,0.4364,0.5542,0.7164,True,solar.bun_dw#realenergyintotheload#kwh
2022-06-06,2022-07-16,35,0.002862,0.885,0.3172,0.5677,0.7983,False,solar.bun_dw#realenergyintotheload#kwh
2022-07-18,2022-08-28,31,0.000453,0.7424,1.1075,-0.3652,0.4075,False,solar.bun_dw#realenergyintotheload#kwh
2022-08-30,2022-09-07,9,0.062986,0.4075,1.3498,-0.9424,0.5943,False,solar.bun_dw#realenergyintotheload#kwh
2022-09-09,2022-09-26,18,0.024179,0.8043,0.6016,0.2027,0.5874,False,solar.bun_dw#realenergyintotheload#kwh
2022-10-08,2022-10-18,9,0.036772,0.7576,1.081,-0.3234,0.6857,False,solar.bun_dw#realenergyintotheload#kwh
2022-10-23,2023-06-05,55,0.002048,0.6857,0.9641,-0.2784,0.6226,False,solar.bun_dw#realenergyintotheload#kwh
2023-06-11,2023-08-21,48,0.00791,0.961,1.2843,-0.3233,0.8908,False,solar.bun_dw#realenergyintotheload#kwh
2023-08-23,2023-09-30,29,0.01979,0.8908,1.1927,-0.3019,1.1006,False,solar.bun_dw#realenergyintotheload#kwh
2023-10-08,2023-12-11,10,-0.106804,1.1006,0.1995,0.9011,0.3946,True,solar.bun_dw#realenergyintotheload#kwh
2024-01-24,2024-11-16,96,0.000701,1.2271,1.5444,-0.3174,0.6439,False,solar.bun_dw#realenergyintotheload#kwh
2024-11-18,2024-11-23,6,0.016923,0.9089,0.8078,0.1011,0.2443,False,solar.bun_dw#realenergyintotheload#kwh
2024-12-02,2025-01-05,35,-6e-05,1.2147,0.6437,0.571,0.3048,False,solar.bun_dw#realenergyintotheload#kwh
2025-01-07,2025-03-15,63,-0.00088,0.0233,0.7286,-0.7053,0.9886,False,solar.bun_dw#realenergyintotheload#kwh
2025-03-21,2025-06-07,78,-0.000969,0.4731,0.6919,-0.2188,0.4218,False,solar.bun_dw#realenergyintotheload#kwh
2025-06-09,2025-07-21,31,0.004076,0.4218,1.0745,-0.6527,0.5086,False,solar.bun_dw#realenergyintotheload#kwh
2025-07-27,2025-08-12,13,0.036633,0.5086,0.6433,-0.1347,,False,solar.bun_dw#realenergyintotheload#kwh
2020-04-01,2020-04-28,28,3.1e-05,0.0001,0.0007,-0.0006,0.0007,False,solar.bun_hs1#realenergyintotheload#kwh
2020-04-30,2020-05-08,9,0.0,0.0007,0.0007,0.0,0.0007,False,solar.bun_hs1#realenergyintotheload#kwh
2020-05-10,2020-08-06,42,-0.096167,0.0007,0.7366,-0.7359,0.5982,True,solar.bun_hs1#realenergyintotheload#kwh
2020-08-08,2020-10-16,61,7.6e-05,0.5982,1.4709,-0.8728,1.0702,False,solar.bun_hs1#realenergyintotheload#kwh
2020-10-18,2021-02-04,16,0.035561,1.1566,1.2097,-0.0531,0.731,False,solar.bun_hs1#realenergyintotheload#kwh
2021-02-06,2021-02-17,9,0.064808,0.6583,1.4198,-0.7615,0.5848,False,solar.bun_hs1#realenergyintotheload#kwh
2021-03-24,2021-06-07,36,0.008497,0.6216,0.4222,0.1994,0.5818,False,solar.bun_hs1#realenergyintotheload#kwh
2021-06-11,2021-09-28,94,0.003329,0.5818,1.4057,-0.8239,0.4982,False,solar.bun_hs1#realenergyintotheload#kwh
2021-10-01,2021-10-28,18,-0.019747,1.5577,0.8682,0.6895,0.5904,True,solar.bun_hs1#realenergyintotheload#kwh
2021-11-13,2022-01-25,15,0.002084,0.5904,1.2525,-0.6621,0.996,False,solar.bun_hs1#realenergyintotheload#kwh
2022-01-30,2022-02-14,15,0.007327,1.0292,1.156,-0.1268,0.413,False,solar.bun_hs1#realenergyintotheload#kwh
2022-03-16,2022-04-17,18,0.041465,0.413,1.1938,-0.7808,0.2118,False,solar.bun_hs1#realenergyintotheload#kwh
2022-04-20,2022-05-26,17,-0.053539,1.0265,0.4276,0.5989,0.7333,True,solar.bun_hs1#realenergyintotheload#kwh
2022-06-06,2022-07-16,35,0.003259,0.9856,0.3094,0.6762,0.8891,False,solar.bun_hs1#realenergyintotheload#kwh
2022-07-18,2022-08-28,29,0.001282,0.7861,1.0061,-0.22,0.3889,False,solar.bun_hs1#realenergyintotheload#kwh
2022-08-30,2022-09-26,27,0.006494,0.3889,0.5793,-0.1903,0.5802,False,solar.bun_hs1#realenergyintotheload#kwh
2022-09-28,2022-10-04,5,-8.1e-05,0.3464,0.6906,-0.3442,0.2712,False,solar.bun_hs1#realenergyintotheload#kwh
2022-10-08,2022-10-18,8,0.059476,0.7341,1.1345,-0.4004,0.683,False,solar.bun_hs1#realenergyintotheload#kwh
2022-10-25,2023-06-05,47,0.004461,1.0155,1.1012,-0.0857,0.6653,False,solar.bun_hs1#realenergyintotheload#kwh
2023-06-11,2023-08-21,47,0.006488,1.087,1.4493,-0.3623,0.9489,False,solar.bun_hs1#realenergyintotheload#kwh
2023-08-23,2023-09-30,29,0.018268,0.9489,1.1853,-0.2364,1.1573,False,solar.bun_hs1#realenergyintotheload#kwh
2023-10-08,2023-12-11,5,-0.331467,1.1573,0.1782,0.979,0.4005,True,solar.bun_hs1#realenergyintotheload#kwh
2024-01-24,2024-11-16,98,0.000497,1.266,1.3192,-0.0532,0.6324,False,solar.bun_hs1#realenergyintotheload#kwh
2024-11-18,2024-11-23,6,0.016326,0.934,0.7505,0.1835,0.2497,False,solar.bun_hs1#realenergyintotheload#kwh
2024-12-02,2025-01-05,35,0.001551,1.2446,0.6681,0.5765,1.0419,False,solar.bun_hs1#realenergyintotheload#kwh
2025-01-07,2025-03-15,63,-0.002638,1.3181,0.7866,0.5315,1.0013,True,solar.bun_hs1#realenergyintotheload#kwh
2025-03-21,2025-06-07,79,-0.00166,0.4551,0.7352,-0.2801,0.4277,False,solar.bun_hs1#realenergyintotheload#kwh
2025-06-09,2025-07-21,31,0.002738,0.4277,1.0033,-0.5756,0.5034,False,solar.bun_hs1#realenergyintotheload#kwh
2025-07-27,2025-08-12,13,0.048043,0.5034,0.6868,-0.1835,,False,solar.bun_hs1#realenergyintotheload#kwh
2020-02-15,2020-03-03,18,0.0,0.0,0.0,-0.0,0.0,False,solar.bun_hs2#realenergyintotheload#kwh
2020-03-06,2020-04-28,53,7e-06,0.0,0.0003,-0.0003,0.0003,False,solar.bun_hs2#realenergyintotheload#kwh
2020-04-30,2020-05-08,9,0.000343,0.0003,0.0032,-0.0029,0.0032,False,solar.bun_hs2#realenergyintotheload#kwh
2020-05-10,2020-08-06,43,-0.06818,0.0032,0.8085,-0.8053,0.645,True,solar.bun_hs2#realenergyintotheload#kwh
2020-08-08,2020-10-16,59,2.6e-05,0.645,1.4452,-0.8002,1.0289,False,solar.bun_hs2#realenergyintotheload#kwh
2020-10-18,2021-02-04,17,0.03697,1.1439,1.3467,-0.2028,0.7267,False,solar.bun_hs2#realenergyintotheload#kwh
2021-02-06,2021-02-17,8,0.078807,0.7012,1.4218,-0.7206,0.5782,False,solar.bun_hs2#realenergyintotheload#kwh
2021-03-24,2021-06-07,36,0.007146,0.6265,0.4867,0.1398,0.5725,False,solar.bun_hs2#realenergyintotheload#kwh
2021-06-11,2021-09-28,94,0.004391,0.5725,1.4199,-0.8474,0.4942,False,solar.bun_hs2#realenergyintotheload#kwh
2021-10-01,2021-10-28,17,-0.021904,1.7657,0.8895,0.8762,0.5773,True,solar.bun_hs2#realenergyintotheload#kwh
2021-11-13,2022-01-25,12,-0.000203,0.5826,1.2507,-0.6682,1.014,False,solar.bun_hs2#realenergyintotheload#kwh
2022-01-30,2022-02-14,15,0.004716,1.1003,1.1842,-0.0839,0.4262,False,solar.bun_hs2#realenergyintotheload#kwh
2022-03-16,2022-04-17,19,0.043949,0.4262,1.1613,-0.7351,0.216,False,solar.bun_hs2#realenergyintotheload#kwh
2022-04-20,2022-05-26,16,-0.054548,1.0436,0.4608,0.5828,0.7458,True,solar.bun_hs2#realenergyintotheload#kwh
2022-06-06,2022-07-16,35,0.002006,0.8909,0.3059,0.585,0.8157,False,solar.bun_hs2#realenergyintotheload#kwh
2022-07-18,2022-08-28,30,0.003398,0.7593,1.1338,-0.3745,0.4078,False,solar.bun_hs2#realenergyintotheload#kwh
2022-08-30,2022-09-07,9,0.061041,0.4078,1.2668,-0.859,0.5568,False,solar.bun_hs2#realenergyintotheload#kwh
2022-09-09,2022-09-26,18,0.024737,0.7673,0.5794,0.188,0.6148,False,solar.bun_hs2#realenergyintotheload#kwh
2022-10-08,2022-10-18,8,0.069179,0.7752,1.2504,-0.4752,0.6994,False,solar.bun_hs2#realenergyintotheload#kwh
2022-10-23,2023-06-05,53,0.002981,0.6994,0.9458,-0.2464,0.6383,False,solar.bun_hs2#realenergyintotheload#kwh
2023-06-11,2023-08-21,47,0.008395,1.0051,1.436,-0.4309,0.9646,False,solar.bun_hs2#realenergyintotheload#kwh
2023-08-23,2023-09-30,29,0.017479,0.9646,1.1758,-0.2112,1.1567,False,solar.bun_hs2#realenergyintotheload#kwh
2023-10-08,2023-12-13,10,-0.094405,1.1567,0.5441,0.6126,0.4018,True,solar.bun_hs2#realenergyintotheload#kwh
2024-01-24,2024-11-16,90,0.001044,1.2814,1.4693,-0.1879,0.6544,False,solar.bun_hs2#realenergyintotheload#kwh
2024-11-18,2024-11-23,6,-0.002346,0.9894,0.7142,0.2752,0.2286,True,solar.bun_hs2#realenergyintotheload#kwh
2024-12-02,2025-01-05,35,0.0003,1.2457,0.665,0.5807,1.0731,False,solar.bun_hs2#realenergyintotheload#kwh
2025-01-07,2025-03-15,63,-0.002484,1.3558,0.7853,0.5704,1.0213,True,solar.bun_hs2#realenergyintotheload#kwh
2025-03-21,2025-06-07,78,-0.002781,0.449,0.6967,-0.2477,0.4106,True,solar.bun_hs2#realenergyintotheload#kwh
2025-06-09,2025-07-21,31,0.002863,0.4106,0.879,-0.4684,0.5058,False,solar.bun_hs2#realenergyintotheload#kwh
2025-07-27,2025-08-12,13,0.038594,0.5058,0.6788,-0.173,,False,solar.bun_hs2#realenergyintotheload#kwh
2020-02-15,2020-03-03,18,0.0,0.0,0.0,-0.0,0.0,False,solar.bun_hs3#realenergyintotheload#kwh
2020-03-06,2020-04-28,45,9.4e-05,0.0,0.0029,-0.0029,0.0029,False,solar.bun_hs3#realenergyintotheload#kwh
2020-04-30,2020-05-08,9,0.0,0.0029,0.0029,0.0,0.0029,False,solar.bun_hs3#realenergyintotheload#kwh
2020-05-10,2020-08-06,42,-0.199564,0.0029,0.7942,-0.7913,0.6457,True,solar.bun_hs3#realenergyintotheload#kwh
2020-08-08,2020-10-16,60,0.001507,0.6457,1.4875,-0.8418,1.0681,False,solar.bun_hs3#realenergyintotheload#kwh
2020-10-18,2021-02-04,17,0.043082,1.2089,1.3657,-0.1568,0.7392,False,solar.bun_hs3#realenergyintotheload#kwh
2021-02-06,2021-02-17,9,0.035642,0.7057,1.3994,-0.6936,0.5725,False,solar.bun_hs3#realenergyintotheload#kwh
2021-03-24,2021-06-07,37,0.004278,0.6569,0.458,0.199,0.597,False,solar.bun_hs3#realenergyintotheload#kwh
2021-06-11,2021-07-19,32,0.002169,0.597,0.5482,0.0488,0.7524,False,solar.bun_hs3#realenergyintotheload#kwh
2021-07-22,2021-09-28,61,0.005887,0.7524,1.3771,-0.6247,0.5292,False,solar.bun_hs3#realenergyintotheload#kwh
2021-10-01,2021-10-28,18,-0.017681,1.4993,0.907,0.5923,0.6003,True,solar.bun_hs3#realenergyintotheload#kwh
2021-11-13,2022-01-25,12,0.010288,0.6003,1.3186,-0.7183,1.0796,False,solar.bun_hs3#realenergyintotheload#kwh
2022-01-30,2022-02-22,16,-0.028468,1.1394,0.017,1.1224,0.3214,True,solar.bun_hs3#realenergyintotheload#kwh
2022-03-16,2022-04-17,19,0.036864,0.2749,0.9791,-0.7043,0.2278,False,solar.bun_hs3#realenergyintotheload#kwh
2022-04-20,2022-05-26,16,-0.051205,1.0534,0.4693,0.584,0.7693,True,solar.bun_hs3#realenergyintotheload#kwh
2022-06-06,2022-07-16,34,0.004648,0.9054,0.3271,0.5783,0.818,False,solar.bun_hs3#realenergyintotheload#kwh
2022-07-18,2022-08-28,29,0.002005,0.818,0.963,-0.145,0.4111,False,solar.bun_hs3#realenergyintotheload#kwh
2022-08-30,2022-09-07,9,0.048001,0.4111,0.9806,-0.5696,0.5792,False,solar.bun_hs3#realenergyintotheload#kwh
2022-09-09,2022-09-26,17,0.027648,0.7836,0.6398,0.1438,0.609,False,solar.bun_hs3#realenergyintotheload#kwh
2022-10-08,2022-10-18,8,0.075571,0.7453,1.1705,-0.4252,0.7111,False,solar.bun_hs3#realenergyintotheload#kwh
2022-10-23,2023-06-05,51,0.002875,0.7111,0.9922,-0.281,0.6553,False,solar.bun_hs3#realenergyintotheload#kwh
2023-06-11,2023-08-21,49,0.004541,1.1317,1.3228,-0.1912,0.9043,False,solar.bun_hs3#realenergyintotheload#kwh
2023-08-23,2023-09-30,29,0.022051,0.9043,1.2012,-0.2969,1.205,False,solar.bun_hs3#realenergyintotheload#kwh
2023-10-08,2023-12-11,8,-0.143693,1.205,0.1886,1.0164,0.4156,True,solar.bun_hs3#realenergyintotheload#kwh
2024-01-24,2024-11-16,109,-0.000609,1.3535,1.4608,-0.1073,0.9955,False,solar.bun_hs3#realenergyintotheload#kwh
2024-11-18,2024-11-23,6,-0.055594,0.9955,0.7846,0.2109,0.2521,True,solar.bun_hs3#realenergyintotheload#kwh
2024-12-02,2025-01-05,35,0.002224,1.323,0.6945,0.6284,1.0778,False,solar.bun_hs3#realenergyintotheload#kwh
2025-01-07,2025-03-15,63,-0.003398,1.4612,0.8225,0.6387,1.1247,True,solar.bun_hs3#realenergyintotheload#kwh
2025-03-21,2025-06-07,78,-0.000842,0.4798,0.7129,-0.233,0.4504,False,solar.bun_hs3#realenergyintotheload#kwh
2025-06-09,2025-07-21,31,-0.003305,0.4504,1.0275,-0.5771,0.5416,True,solar.bun_hs3#realenergyintotheload#kwh
2025-07-27,2025-08-12,13,0.032366,0.5416,0.6995,-0.1578,,False,solar.bun_hs3#realenergyintotheload#kwh
2020-02-02,2020-03-03,31,-0.000262,0.0242,0.0018,0.0224,0.0018,False,solar.bun_hsc#realenergyintotheload#kwh
2020-03-06,2020-04-28,18,0.000437,0.0018,0.0102,-0.0084,0.0102,False,solar.bun_hsc#realenergyintotheload#kwh
2020-04-30,2020-05-08,9,0.0,0.0102,0.0102,0.0,0.0102,False,solar.bun_hsc#realenergyintotheload#kwh
2020-05-10,2020-10-16,59,0.016209,0.0102,1.2889,-1.2787,1.0412,False,solar.bun_hsc#realenergyintotheload#kwh
2020-10-18,2021-02-04,20,0.026383,1.085,1.2281,-0.1431,0.6432,False,solar.bun_hsc#realenergyintotheload#kwh
2021-02-06,2021-03-13,12,-0.028056,0.6432,0.2522,0.391,0.5788,True,solar.bun_hsc#realenergyintotheload#kwh
2021-03-24,2021-06-07,37,0.005931,0.6225,0.5646,0.0579,0.549,False,solar.bun_hsc#realenergyintotheload#kwh
2021-06-11,2021-07-19,32,0.002285,0.549,0.5081,0.0409,0.7259,False,solar.bun_hsc#realenergyintotheload#kwh
2021-07-22,2021-09-28,62,0.005286,0.7259,1.4022,-0.6763,0.5112,False,solar.bun_hsc#realenergyintotheload#kwh
2021-10-01,2021-10-29,19,-0.018798,1.6066,0.8792,0.7274,0.5896,True,solar.bun_hsc#realenergyintotheload#kwh
2021-11-13,2022-01-25,9,0.094852,0.5896,1.2191,-0.6295,0.9436,False,solar.bun_hsc#realenergyintotheload#kwh
2022-01-30,2022-02-26,16,-0.002083,0.9921,0.9398,0.0523,0.4342,True,solar.bun_hsc#realenergyintotheload#kwh
2022-03-15,2022-04-17,20,0.034419,0.9133,1.1153,-0.202,0.2362,False,solar.bun_hsc#realenergyintotheload#kwh
2022-04-20,2022-05-26,17,-0.058371,0.9886,0.4677,0.5208,0.7081,True,solar.bun_hsc#realenergyintotheload#kwh
2022-06-06,2022-07-16,36,0.002598,0.9433,0.3578,0.5855,0.7373,False,solar.bun_hsc#realenergyintotheload#kwh
2022-07-18,2022-08-28,28,0.005907,0.7373,0.9572,-0.2199,0.4234,False,solar.bun_hsc#realenergyintotheload#kwh
2022-08-30,2022-09-07,9,0.067689,0.4234,1.3551,-0.9317,0.5872,False,solar.bun_hsc#realenergyintotheload#kwh
2022-09-09,2022-09-26,18,0.020795,0.7854,0.6139,0.1715,0.6113,False,solar.bun_hsc#realenergyintotheload#kwh
2022-09-28,2022-10-02,5,0.386272,0.3787,1.0359,-0.6573,0.2497,False,solar.bun_hsc#realenergyintotheload#kwh
2022-10-08,2022-10-18,8,0.071147,0.6612,1.1145,-0.4533,0.6796,False,solar.bun_hsc#realenergyintotheload#kwh
2022-10-25,2023-06-05,54,0.001522,0.9434,0.9446,-0.0012,0.6509,False,solar.bun_hsc#realenergyintotheload#kwh
2023-06-11,2023-08-21,48,0.006786,1.0316,1.3029,-0.2713,1.1167,False,solar.bun_hsc#realenergyintotheload#kwh
2023-08-23,2023-09-30,29,0.017823,1.1167,1.1899,-0.0732,1.177,False,solar.bun_hsc#realenergyintotheload#kwh
2023-10-08,2023-12-11,9,-0.124665,1.177,0.1715,1.0054,0.3874,True,solar.bun_hsc#realenergyintotheload#kwh
2024-01-24,2024-10-17,116,-0.001207,1.2765,0.8756,0.4008,0.6826,False,solar.bun_hsc#realenergyintotheload#kwh
2024-10-19,2024-11-16,29,0.005065,1.0003,1.3311,-0.3308,0.5593,False,solar.bun_hsc#realenergyintotheload#kwh
2024-11-18,2024-11-23,6,0.004167,0.922,0.6917,0.2303,0.2385,False,solar.bun_hsc#realenergyintotheload#kwh
2024-12-01,2025-01-05,36,0.004607,0.7014,0.6666,0.0348,1.3186,False,solar.bun_hsc#realenergyintotheload#kwh
2025-01-07,2025-03-15,68,-0.003315,1.3186,0.6502,0.6685,0.9398,True,solar.bun_hsc#realenergyintotheload#kwh
2025-03-21,2025-06-07,79,-0.001596,0.4795,0.7044,-0.2249,0.4313,False,solar.bun_hsc#realenergyintotheload#kwh
2025-06-09,2025-07-21,31,0.001771,0.4313,0.8206,-0.3893,0.5241,False,solar.bun_hsc#realenergyintotheload#kwh
2025-07-27,2025-08-12,13,0.031773,0.5241,0.651,-0.1269,,False,solar.bun_hsc#realenergyintotheload#kwh
2020-03-28,2020-04-28,32,1.2e-05,0.0,0.0003,-0.0003,0.0003,False,solar.bun_hu3#realenergyintotheload#kwh
2020-04-30,2020-05-08,9,0.0,0.0003,0.0003,0.0,0.0003,False,solar.bun_hu3#realenergyintotheload#kwh
2020-05-10,2020-08-06,47,-0.018255,0.0003,0.9765,-0.9761,0.8095,True,solar.bun_hu3#realenergyintotheload#kwh
2020-08-08,2020-10-16,59,0.00043,0.8095,1.8398,-1.0303,1.3236,False,solar.bun_hu3#realenergyintotheload#kwh
2020-10-18,2021-02-04,23,0.021828,1.5616,1.585,-0.0234,1.0017,False,solar.bun_hu3#realenergyintotheload#kwh
2021-02-06,2021-02-17,10,0.04419,1.0017,1.9497,-0.948,0.8004,False,solar.bun_hu3#realenergyintotheload#kwh
2021-03-24,2021-06-07,36,0.00954,0.9228,0.6047,0.3181,0.7481,False,solar.bun_hu3#realenergyintotheload#kwh
2021-06-11,2021-07-19,32,0.003362,0.7481,0.6478,0.1003,0.9121,False,solar.bun_hu3#realenergyintotheload#kwh
2021-07-22,2021-09-28,62,0.007597,0.9121,1.9098,-0.9977,0.6618,False,solar.bun_hu3#realenergyintotheload#kwh
2021-10-01,2021-10-28,19,-0.021404,1.9426,1.2097,0.7329,0.8678,True,solar.bun_hu3#realenergyintotheload#kwh
2021-11-13,2022-01-25,11,-0.041778,0.8678,1.1025,-0.2346,0.7805,True,solar.bun_hu3#realenergyintotheload#kwh
2022-01-30,2022-02-14,15,0.005115,0.9357,1.0469,-0.1113,0.3673,False,solar.bun_hu3#realenergyintotheload#kwh
2022-03-16,2022-04-17,19,0.081557,0.3673,1.6939,-1.3266,0.2321,False,solar.bun_hu3#realenergyintotheload#kwh
2022-04-20,2022-05-26,16,-0.054251,1.255,0.4807,0.7743,0.8216,True,solar.bun_hu3#realenergyintotheload#kwh
2022-06-06,2022-07-16,37,0.008437,1.2337,0.3605,0.8732,1.0235,False,solar.bun_hu3#realenergyintotheload#kwh
2022-07-18,2022-08-28,28,0.003536,0.8947,1.3765,-0.4819,0.4885,False,solar.bun_hu3#realenergyintotheload#kwh
2022-08-30,2022-09-07,9,0.079583,0.4885,1.7406,-1.2522,0.8206,False,solar.bun_hu3#realenergyintotheload#kwh
2022-09-09,2022-09-26,18,0.030128,1.0977,0.7019,0.3958,0.6838,False,solar.bun_hu3#realenergyintotheload#kwh
2022-09-28,2022-10-04,5,0.297313,0.4626,1.0152,-0.5526,0.3892,False,solar.bun_hu3#realenergyintotheload#kwh
2022-10-08,2022-10-18,8,0.075505,1.0617,1.5037,-0.4421,0.91,False,solar.bun_hu3#realenergyintotheload#kwh
2022-10-25,2023-06-05,52,0.0063,1.2593,1.4646,-0.2054,0.7955,False,solar.bun_hu3#realenergyintotheload#kwh
2023-06-11,2023-06-22,9,0.107535,1.314,1.119,0.1949,0.4357,False,solar.bun_hu3#realenergyintotheload#kwh
2023-06-24,2023-08-21,41,0.020086,1.3426,1.9033,-0.5607,1.2814,False,solar.bun_hu3#realenergyintotheload#kwh
2023-08-23,2023-09-30,29,0.025695,1.2814,1.7495,-0.4681,1.5943,False,solar.bun_hu3#realenergyintotheload#kwh
2023-10-08,2023-12-13,10,-0.149644,1.5943,0.7036,0.8908,0.5168,True,solar.bun_hu3#realenergyintotheload#kwh
2024-01-24,2024-11-16,97,0.000184,1.6974,1.9335,-0.2362,1.1184,False,solar.bun_hu3#realenergyintotheload#kwh
2024-11-18,2024-11-23,6,-0.05405,1.1184,0.9773,0.1411,0.3375,True,solar.bun_hu3#realenergyintotheload#kwh
2024-12-02,2025-01-05,35,-0.038006,1.672,0.0001,1.6718,0.0001,True,solar.bun_hu3#realenergyintotheload#kwh
2025-01-07,2025-03-15,65,0.006914,0.0001,0.2317,-0.2316,0.3352,False,solar.bun_hu3#realenergyintotheload#kwh
2025-03-21,2025-06-07,76,6.7e-05,0.1442,0.1968,-0.0526,0.1106,False,solar.bun_hu3#realenergyintotheload#kwh
2025-06-09,2025-07-21,31,-0.001677,0.1106,0.3611,-0.2504,0.1447,False,solar.bun_hu3#realenergyintotheload#kwh
2025-07-27,2025-08-12,13,0.012255,0.1447,0.177,-0.0323,,False,solar.bun_hu3#realenergyintotheload#kwh
2020-06-13,2020-08-06,24,-0.014804,0.0076,0.789,-0.7814,0.6664,True,solar.bun_library#realenergyintotheload#kwh
2020-08-08,2020-10-16,61,0.000343,0.6664,1.5437,-0.8772,1.0257,False,solar.bun_library#realenergyintotheload#kwh
2020-10-18,2021-02-04,17,0.038815,1.229,1.3204,-0.0914,0.7797,False,solar.bun_library#realenergyintotheload#kwh
2021-02-06,2021-02-17,9,0.035433,0.7388,1.4955,-0.7567,0.6306,False,solar.bun_library#realenergyintotheload#kwh
2021-03-24,2021-09-28,131,0.002772,0.7164,1.5094,-0.793,0.5531,False,solar.bun_library#realenergyintotheload#kwh
2021-10-01,2021-10-28,18,-0.019443,1.6391,1.0361,0.603,0.662,True,solar.bun_library#realenergyintotheload#kwh
2021-11-13,2022-01-25,11,0.03909,0.662,1.3442,-0.6822,1.017,False,solar.bun_library#realenergyintotheload#kwh
2022-01-30,2022-02-14,15,0.004176,1.14,1.2736,-0.1336,0.4564,False,solar.bun_library#realenergyintotheload#kwh
2022-03-16,2022-04-17,19,0.048429,0.4564,1.3241,-0.8676,0.2189,False,solar.bun_library#realenergyintotheload#kwh
2022-04-20,2022-05-26,16,-0.056554,1.0316,0.4317,0.6,0.7277,True,solar.bun_library#realenergyintotheload#kwh
2022-06-06,2022-07-16,37,0.00625,0.9832,0.4259,0.5572,0.8043,False,solar.bun_library#realenergyintotheload#kwh
2022-07-18,2022-08-28,30,-0.001148,0.753,1.1275,-0.3745,0.4305,False,solar.bun_library#realenergyintotheload#kwh
2022-08-30,2022-09-07,9,0.062121,0.4305,1.3446,-0.9142,0.6267,False,solar.bun_library#realenergyintotheload#kwh
2022-09-09,2022-09-26,18,0.025601,0.8625,0.6277,0.2348,0.5958,False,solar.bun_library#realenergyintotheload#kwh
2022-10-08,2022-10-18,8,0.077954,0.8114,1.2134,-0.402,0.7456,False,solar.bun_library#realenergyintotheload#kwh
2022-10-23,2023-08-21,67,0.002603,0.7456,1.4158,-0.6701,0.9717,False,solar.bun_library#realenergyintotheload#kwh
2023-08-23,2023-09-30,29,0.019735,0.9717,1.2582,-0.2865,1.2003,False,solar.bun_library#realenergyintotheload#kwh
2023-10-08,2024-11-16,78,0.010432,1.2003,1.4379,-0.2376,0.5961,False,solar.bun_library#realenergyintotheload#kwh
2024-11-18,2024-11-23,6,0.037167,0.847,0.7485,0.0986,0.2464,False,solar.bun_library#realenergyintotheload#kwh
2024-12-02,2025-01-04,29,0.006063,1.2275,1.298,-0.0705,0.3456,False,solar.bun_library#realenergyintotheload#kwh
2025-01-07,2025-03-19,39,0.006318,0.0245,1.0553,-1.0309,0.4403,False,solar.bun_library#realenergyintotheload#kwh
2025-03-21,2025-06-07,60,-0.003079,0.4403,0.6259,-0.1856,0.4092,True,solar.bun_library#realenergyintotheload#kwh
2025-06-09,2025-07-21,14,0.008407,0.4092,0.9161,-0.5069,0.4681,False,solar.bun_library#realenergyintotheload#kwh
2025-07-27,2025-08-12,13,0.037278,0.4681,0.617,-0.1489,,False,solar.bun_library#realenergyintotheload#kwh
2020-03-17,2020-08-06,66,-0.007683,0.0009,0.8284,-0.8275,0.6531,True,solar.bun_lims1#realenergyintotheload#kwh
2020-08-08,2020-10-16,59,-0.000165,0.6531,1.378,-0.7249,0.9785,False,solar.bun_lims1#realenergyintotheload#kwh
2020-10-18,2021-02-04,56,0.008295,1.1579,1.2473,-0.0894,0.7313,False,solar.bun_lims1#realenergyintotheload#kwh
2021-02-06,2021-02-25,10,0.038175,0.6688,1.2802,-0.6114,0.6207,False,solar.bun_lims1#realenergyintotheload#kwh
2021-03-24,2021-06-07,38,0.004742,0.685,0.4413,0.2438,0.6436,False,solar.bun_lims1#realenergyintotheload#kwh
2021-06-11,2021-09-28,93,0.003013,0.6436,1.4257,-0.7821,0.5612,False,solar.bun_lims1#realenergyintotheload#kwh
2021-10-01,2021-11-11,21,-0.004362,1.4537,0.7375,0.7162,0.6046,True,solar.bun_lims1#realenergyintotheload#kwh
2021-11-13,2022-01-25,17,-0.005627,0.6046,1.1967,-0.592,0.9636,True,solar.bun_lims1#realenergyintotheload#kwh
2022-01-30,2022-02-14,16,-0.005667,1.0612,1.1507,-0.0895,0.4386,True,solar.bun_lims1#realenergyintotheload#kwh
2022-03-16,2022-04-17,19,0.034489,0.4386,1.131,-0.6923,0.2276,False,solar.bun_lims1#realenergyintotheload#kwh
2022-04-20,2022-05-26,17,-0.036357,1.0043,0.4613,0.543,0.7857,True,solar.bun_lims1#realenergyintotheload#kwh
2022-06-06,2022-07-16,34,0.004378,0.9985,0.3206,0.678,0.7984,False,solar.bun_lims1#realenergyintotheload#kwh
2022-07-18,2022-08-28,29,0.002763,0.7984,0.9927,-0.1943,0.3943,False,solar.bun_lims1#realenergyintotheload#kwh
2022-08-30,2022-09-26,27,0.005085,0.3943,0.5796,-0.1853,0.564,False,solar.bun_lims1#realenergyintotheload#kwh
2022-10-08,2022-10-19,9,0.053956,0.7483,1.3323,-0.584,0.6752,False,solar.bun_lims1#realenergyintotheload#kwh
2022-10-23,2023-06-05,58,0.003735,0.6752,1.0509,-0.3757,0.6697,False,solar.bun_lims1#realenergyintotheload#kwh
2023-06-11,2023-08-21,48,0.005351,0.9352,1.2022,-0.267,0.9296,False,solar.bun_lims1#realenergyintotheload#kwh
2023-08-23,2023-09-30,29,0.015732,0.9296,1.1045,-0.175,1.1781,False,solar.bun_lims1#realenergyintotheload#kwh
2023-10-08,2024-01-14,13,-0.031959,1.1781,1.447,-0.2689,0.7063,True,solar.bun_lims1#realenergyintotheload#kwh
2024-01-20,2024-11-16,111,-0.001033,0.7063,1.2634,-0.557,0.8994,False,solar.bun_lims1#realenergyintotheload#kwh
2024-11-18,2024-11-23,6,-0.043865,0.8994,0.792,0.1074,0.2432,True,solar.bun_lims1#realenergyintotheload#kwh
2024-12-02,2025-01-05,35,0.000579,1.2071,0.6953,0.5118,0.8964,False,solar.bun_lims1#realenergyintotheload#kwh
2025-01-07,2025-03-15,63,-0.001501,0.8964,0.8373,0.0591,0.9868,False,solar.bun_lims1#realenergyintotheload#kwh
2025-03-21,2025-06-07,79,-0.000855,0.474,0.7524,-0.2784,0.4446,False,solar.bun_lims1#realenergyintotheload#kwh
2025-06-09,2025-07-21,31,-0.003703,0.4446,0.9421,-0.4975,0.5173,True,solar.bun_lims1#realenergyintotheload#kwh
2025-07-27,2025-08-12,13,0.039641,0.5173,0.733,-0.2157,,False,solar.bun_lims1#realenergyintotheload#kwh
2020-01-09,2020-01-19,10,0.191538,10.8466,13.2815,-2.435,4.602,False,solar.bun_ltss_pv_lgcmeter#realenergyintotheload#kwh
2020-01-21,2020-01-31,11,0.1954,14.089,7.1088,6.9802,13.7055,False,solar.bun_ltss_pv_lgcmeter#realenergyintotheload#kwh
2020-02-02,2020-03-03,31,-0.104953,13.7055,9.6762,4.0293,5.8719,True,solar.bun_ltss_pv_lgcmeter#realenergyintotheload#kwh
2020-03-06,2020-04-28,54,-0.083406,8.73,4.6461,4.0839,1.6993,True,solar.bun_ltss_pv_lgcmeter#realenergyintotheload#kwh
2020-04-30,2020-05-08,9,0.428113,3.5953,6.26,-2.6648,4.1391,False,solar.bun_ltss_pv_lgcmeter#realenergyintotheload#kwh
2020-05-10,2020-05-31,17,0.055917,5.4581,5.7392,-0.2811,3.2131,False,solar.bun_ltss_pv_lgcmeter#realenergyintotheload#kwh
2020-06-02,2020-08-06,59,-0.03748,3.2131,1.0843,2.1288,0.9305,True,solar.bun_ltss_pv_lgcmeter#realenergyintotheload#kwh
2020-08-08,2020-10-06,58,-0.007553,0.9305,0.3373,0.5932,0.7255,True,solar.bun_ltss_pv_lgcmeter#realenergyintotheload#kwh
2020-10-08,2020-10-16,9,0.050396,0.7255,1.643,-0.9175,1.3422,False,solar.bun_ltss_pv_lgcmeter#realenergyintotheload#kwh
2020-10-18,2021-01-25,85,0.001317,1.3422,0.8988,0.4434,0.8432,False,solar.bun_ltss_pv_lgcmeter#realenergyintotheload#kwh
2021-01-30,2021-02-04,6,0.227306,0.9294,1.7012,-0.7717,1.0812,False,solar.bun_ltss_pv_lgcmeter#realenergyintotheload#kwh
2021-02-06,2021-03-20,33,-0.007713,0.9144,1.2984,-0.384,0.4836,True,solar.bun_ltss_pv_lgcmeter#realenergyintotheload#kwh
2021-03-24,2021-06-07,61,0.014514,0.0048,0.8382,-0.8335,0.2313,False,solar.bun_ltss_pv_lgcmeter#realenergyintotheload#kwh
2021-06-10,2021-07-13,30,0.019372,0.2313,1.6249,-1.3936,1.3283,False,solar.bun_ltss_pv_lgcmeter#realenergyintotheload#kwh
2021-07-22,2021-09-28,63,0.006175,1.0079,1.9139,-0.9059,0.7734,False,solar.bun_ltss_pv_lgcmeter#realenergyintotheload#kwh
2021-09-30,2021-11-10,35,0.01152,0.4032,0.4164,-0.0132,0.8943,False,solar.bun_ltss_pv_lgcmeter#realenergyintotheload#kwh
2021-11-13,2021-11-22,5,0.080619,0.8943,1.3221,-0.4278,0.153,False,solar.bun_ltss_pv_lgcmeter#realenergyintotheload#kwh
2021-11-26,2022-01-11,28,0.00951,0.8191,1.2972,-0.4781,0.7335,False,solar.bun_ltss_pv_lgcmeter#realenergyintotheload#kwh
2022-01-15,2022-01-26,8,0.116456,0.5511,1.0829,-0.5317,0.4626,False,solar.bun_ltss_pv_lgcmeter#realenergyintotheload#kwh
2022-01-29,2022-02-22,22,0.006148,0.4626,1.495,-1.0324,0.6589,False,solar.bun_ltss_pv_lgcmeter#realenergyintotheload#kwh
2022-03-02,2022-04-17,31,0.002682,0.6589,1.1073,-0.4484,0.2497,False,solar.bun_ltss_pv_lgcmeter#realenergyintotheload#kwh
2022-04-20,2022-05-26,18,-0.041138,1.0264,0.4618,0.5646,0.7046,True,solar.bun_ltss_pv_lgcmeter#realenergyintotheload#kwh
2022-06-06,2022-07-16,39,0.001837,0.9882,0.2902,0.698,0.7017,False,solar.bun_ltss_pv_lgcmeter#realenergyintotheload#kwh
2022-07-18,2022-08-28,21,0.00531,0.5399,0.9837,-0.4438,0.4135,False,solar.bun_ltss_pv_lgcmeter#realenergyintotheload#kwh
2022-08-30,2022-09-07,9,0.052798,0.4135,1.1703,-0.7567,0.6268,False,solar.bun_ltss_pv_lgcmeter#realenergyintotheload#kwh
2022-09-09,2022-09-26,18,0.019536,0.8019,0.6048,0.1971,0.5071,False,solar.bun_ltss_pv_lgcmeter#realenergyintotheload#kwh
2022-09-28,2022-10-04,7,0.048059,0.397,0.6741,-0.2771,0.292,False,solar.bun_ltss_pv_lgcmeter#realenergyintotheload#kwh
2022-10-14,2022-10-20,6,0.080884,1.0052,1.3852,-0.38,0.6767,False,solar.bun_ltss_pv_lgcmeter#realenergyintotheload#kwh
2022-10-25,2022-11-11,11,-0.032167,0.9987,0.3912,0.6075,0.7228,True,solar.bun_ltss_pv_lgcmeter#realenergyintotheload#kwh
2022-11-15,2023-05-26,113,-0.003392,1.0515,0.8851,0.1664,0.4746,True,solar.bun_ltss_pv_lgcmeter#realenergyintotheload#kwh
2023-05-30,2023-06-06,5,0.026721,0.5936,0.4027,0.1908,0.6105,False,solar.bun_ltss_pv_lgcmeter#realenergyintotheload#kwh
2023-06-11,2023-06-22,9,-0.035011,0.9837,0.9014,0.0824,0.4371,True,solar.bun_ltss_pv_lgcmeter#realenergyintotheload#kwh
2023-06-24,2023-08-21,45,0.004724,0.9789,1.1623,-0.1834,0.9416,False,solar.bun_ltss_pv_lgcmeter#realenergyintotheload#kwh
2023-08-23,2023-10-02,31,-0.002573,0.9416,0.0183,0.9233,0.4717,True,solar.bun_ltss_pv_lgcmeter#realenergyintotheload#kwh
2023-10-05,2024-01-16,43,-0.009967,0.4717,0.8482,-0.3765,0.1286,True,solar.bun_ltss_pv_lgcmeter#realenergyintotheload#kwh
2024-01-18,2024-10-17,144,0.00141,0.717,0.8629,-0.1459,0.673,False,solar.bun_ltss_pv_lgcmeter#realenergyintotheload#kwh
2024-10-19,2024-11-16,29,0.00099,0.9242,1.1282,-0.204,0.8104,False,solar.bun_ltss_pv_lgcmeter#realenergyintotheload#kwh
2024-11-18,2024-11-23,6,-0.039043,0.8104,0.6291,0.1813,0.2359,True,solar.bun_ltss_pv_lgcmeter#realenergyintotheload#kwh
2024-12-01,2025-01-05,36,0.001327,0.8369,0.6675,0.1693,1.0712,False,solar.bun_ltss_pv_lgcmeter#realenergyintotheload#kwh
2025-01-07,2025-03-15,67,-0.00072,1.136,0.8562,0.2797,1.1768,False,solar.bun_ltss_pv_lgcmeter#realenergyintotheload#kwh
2025-03-21,2025-06-07,79,-0.004378,0.5506,0.6448,-0.0942,0.41,True,solar.bun_ltss_pv_lgcmeter#realenergyintotheload#kwh
2025-06-09,2025-07-21,31,-0.005083,0.41,0.846,-0.436,0.3284,True,solar.bun_ltss_pv_lgcmeter#realenergyintotheload#kwh
2025-07-27,2025-08-10,11,-0.014926,0.4551,0.3538,0.1013,,True,solar.bun_ltss_pv_lgcmeter#realenergyintotheload#kwh
2020-02-05,2020-04-28,9,0.000179,0.0072,0.0099,-0.0027,0.0099,False,solar.bun_lwso#realenergyintotheload#kwh
2020-04-30,2020-05-08,9,0.0,0.0099,0.0099,0.0,0.0099,False,solar.bun_lwso#realenergyintotheload#kwh
2020-05-10,2020-10-16,63,0.017493,0.0099,1.3889,-1.379,0.839,False,solar.bun_lwso#realenergyintotheload#kwh
2020-10-18,2021-02-20,13,-0.011423,1.1311,0.5212,0.61,0.5389,True,solar.bun_lwso#realenergyintotheload#kwh
2021-03-24,2021-06-07,36,0.006429,0.7064,0.6201,0.0863,0.5767,False,solar.bun_lwso#realenergyintotheload#kwh
2021-06-11,2021-09-28,89,0.003981,0.5767,1.241,-0.6643,0.5409,False,solar.bun_lwso#realenergyintotheload#kwh
2021-10-01,2021-10-28,17,-0.0204,1.4509,0.9302,0.5206,0.6487,True,solar.bun_lwso#realenergyintotheload#kwh
2021-11-13,2022-01-25,7,0.059162,0.6487,1.3409,-0.6921,1.0411,False,solar.bun_lwso#realenergyintotheload#kwh
2022-01-30,2022-02-14,15,0.016983,1.0919,1.1453,-0.0535,0.4352,False,solar.bun_lwso#realenergyintotheload#kwh
2022-03-16,2022-04-17,19,0.042042,0.4352,1.1623,-0.7271,0.2278,False,solar.bun_lwso#realenergyintotheload#kwh
2022-04-20,2022-05-26,16,-0.04605,1.0162,0.4974,0.5189,0.7775,True,solar.bun_lwso#realenergyintotheload#kwh
2022-06-06,2022-07-16,36,0.003408,0.9775,0.4028,0.5746,0.9054,False,solar.bun_lwso#realenergyintotheload#kwh
2022-07-18,2022-08-28,28,0.00613,0.9054,1.1734,-0.268,0.4783,False,solar.bun_lwso#realenergyintotheload#kwh
2022-08-30,2022-09-07,9,0.063233,0.4783,1.3926,-0.9143,0.5836,False,solar.bun_lwso#realenergyintotheload#kwh
2022-09-09,2022-09-26,18,0.023316,0.8336,0.5994,0.2342,0.6445,False,solar.bun_lwso#realenergyintotheload#kwh
2022-10-08,2022-10-18,8,0.060487,0.7789,1.0887,-0.3098,0.6903,False,solar.bun_lwso#realenergyintotheload#kwh
2022-10-23,2023-06-05,51,0.001731,0.6903,0.9683,-0.278,0.6582,False,solar.bun_lwso#realenergyintotheload#kwh
2023-06-11,2023-06-22,9,0.051219,1.0431,0.9947,0.0485,0.4698,False,solar.bun_lwso#realenergyintotheload#kwh
2023-06-24,2023-08-21,39,0.013099,1.1343,1.1484,-0.0141,1.1461,False,solar.bun_lwso#realenergyintotheload#kwh
2023-08-23,2023-09-30,29,0.017541,1.1461,1.2031,-0.057,1.1361,False,solar.bun_lwso#realenergyintotheload#kwh
2023-10-08,2023-12-11,10,-0.104367,1.1361,0.1829,0.9532,0.477,True,solar.bun_lwso#realenergyintotheload#kwh
2024-01-24,2024-10-17,116,-0.001412,1.4423,0.8769,0.5655,0.6806,False,solar.bun_lwso#realenergyintotheload#kwh
2024-10-19,2024-11-16,29,0.00535,1.0118,1.2226,-0.2108,0.8564,False,solar.bun_lwso#realenergyintotheload#kwh
2024-11-18,2024-11-23,6,-0.030133,0.8564,0.7277,0.1287,0.2199,True,solar.bun_lwso#realenergyintotheload#kwh
2024-12-01,2025-01-05,36,0.001442,0.8082,0.6526,0.1557,1.1005,False,solar.bun_lwso#realenergyintotheload#kwh
2025-01-07,2025-03-19,67,0.001469,1.2119,0.9954,0.2165,0.4518,False,solar.bun_lwso#realenergyintotheload#kwh
2025-03-21,2025-06-07,79,-0.001851,0.4518,0.6642,-0.2124,0.4961,False,solar.bun_lwso#realenergyintotheload#kwh
2025-06-09,2025-07-21,31,-0.002776,0.4961,0.8655,-0.3694,0.5599,True,solar.bun_lwso#realenergyintotheload#kwh
2025-07-27,2025-08-12,13,0.038653,0.5599,0.683,-0.1231,,False,solar.bun_lwso#realenergyintotheload#kwh
2020-02-08,2020-03-03,25,-0.00022,0.0093,0.0007,0.0087,0.0007,False,solar.bun_mc#realenergyintotheload#kwh
2020-03-06,2020-04-28,26,1.6e-05,0.0007,0.001,-0.0004,0.001,False,solar.bun_mc#realenergyintotheload#kwh
2020-04-30,2020-05-08,9,0.0,0.001,0.001,0.0,0.001,False,solar.bun_mc#realenergyintotheload#kwh
2020-05-10,2020-10-16,58,0.014406,0.001,1.2973,-1.2963,0.9367,False,solar.bun_mc#realenergyintotheload#kwh
2020-10-18,2021-02-04,17,0.038954,1.1252,1.3931,-0.2679,0.7078,False,solar.bun_mc#realenergyintotheload#kwh
2021-02-06,2021-02-17,10,0.029724,0.6742,1.308,-0.6338,0.557,False,solar.bun_mc#realenergyintotheload#kwh
2021-03-24,2021-06-07,37,0.008058,0.6562,0.5326,0.1236,0.5848,False,solar.bun_mc#realenergyintotheload#kwh
2021-06-11,2021-07-19,32,0.001337,0.5848,0.5091,0.0757,0.671,False,solar.bun_mc#realenergyintotheload#kwh
2021-07-22,2021-09-28,62,0.005642,0.671,1.4314,-0.7604,0.5172,False,solar.bun_mc#realenergyintotheload#kwh
2021-10-01,2021-10-28,18,-0.017047,1.6136,0.9823,0.6312,0.6552,True,solar.bun_mc#realenergyintotheload#kwh
2021-11-13,2022-01-25,11,0.017367,0.6552,1.3595,-0.7043,0.9173,False,solar.bun_mc#realenergyintotheload#kwh
2022-01-30,2022-02-14,15,0.012129,1.0306,1.1899,-0.1593,0.4126,False,solar.bun_mc#realenergyintotheload#kwh
2022-03-16,2022-04-17,19,0.04604,0.4126,1.2143,-0.8017,0.21,False,solar.bun_mc#realenergyintotheload#kwh
2022-04-20,2022-05-26,16,-0.055306,1.0354,0.4111,0.6243,0.6764,True,solar.bun_mc#realenergyintotheload#kwh
2022-06-06,2022-07-16,35,0.005455,0.9563,0.4694,0.4869,0.9412,False,solar.bun_mc#realenergyintotheload#kwh
2022-07-18,2022-08-28,30,0.001404,0.7625,1.1228,-0.3603,0.4466,False,solar.bun_mc#realenergyintotheload#kwh
2022-08-30,2022-09-07,9,0.058737,0.4466,1.4371,-0.9904,0.5551,False,solar.bun_mc#realenergyintotheload#kwh
2022-09-09,2022-09-26,18,0.028862,0.7961,0.611,0.1851,0.6186,False,solar.bun_mc#realenergyintotheload#kwh
2022-10-08,2022-10-18,8,0.071957,0.7629,1.0394,-0.2766,0.6924,False,solar.bun_mc#realenergyintotheload#kwh
2022-10-25,2023-06-06,53,0.000553,0.8425,0.3022,0.5403,0.6047,False,solar.bun_mc#realenergyintotheload#kwh
2023-06-11,2023-08-21,48,0.008835,1.0016,1.3329,-0.3313,1.2136,False,solar.bun_mc#realenergyintotheload#kwh
2023-08-23,2023-09-30,29,0.021756,1.2136,1.3131,-0.0994,1.1722,False,solar.bun_mc#realenergyintotheload#kwh
2023-10-08,2023-12-11,10,-0.096266,1.1722,0.2148,0.9574,0.4756,True,solar.bun_mc#realenergyintotheload#kwh
2024-01-24,2024-10-17,114,-0.001248,1.4086,0.993,0.4156,0.7225,False,solar.bun_mc#realenergyintotheload#kwh
2024-10-19,2024-11-16,29,0.006716,1.0172,1.3583,-0.341,0.5527,False,solar.bun_mc#realenergyintotheload#kwh
2024-11-18,2024-11-23,6,0.037636,0.8232,0.807,0.0162,0.2306,False,solar.bun_mc#realenergyintotheload#kwh
2024-12-01,2025-01-05,36,0.000761,0.832,0.6322,0.1998,1.1781,False,solar.bun_mc#realenergyintotheload#kwh
2025-01-07,2025-03-15,68,-0.001251,1.2348,0.7716,0.4632,0.9089,False,solar.bun_mc#realenergyintotheload#kwh
2025-03-21,2025-06-07,79,6.7e-05,0.4808,0.6284,-0.1476,0.4244,False,solar.bun_mc#realenergyintotheload#kwh
2025-06-09,2025-07-21,31,0.004738,0.4244,1.2123,-0.7879,0.5305,False,solar.bun_mc#realenergyintotheload#kwh
2025-07-27,2025-08-12,13,0.039525,0.5305,0.5892,-0.0587,,False,solar.bun_mc#realenergyintotheload#kwh
2020-04-10,2020-04-28,19,-0.00041,0.0084,0.0021,0.0063,0.0021,False,solar.bun_pe#realenergyintotheload#kwh
2020-04-30,2020-05-08,9,0.0,0.0021,0.0021,0.0,0.0021,False,solar.bun_pe#realenergyintotheload#kwh
2020-05-10,2020-08-06,45,-0.126301,0.0021,0.9053,-0.9032,0.583,True,solar.bun_pe#realenergyintotheload#kwh
2020-08-08,2020-10-16,57,0.001648,0.583,1.4914,-0.9084,0.9666,False,solar.bun_pe#realenergyintotheload#kwh
2020-10-18,2021-02-04,17,0.035786,1.1844,1.3585,-0.1742,0.7225,False,solar.bun_pe#realenergyintotheload#kwh
2021-02-06,2021-02-17,8,0.074921,0.6822,1.4114,-0.7292,0.5901,False,solar.bun_pe#realenergyintotheload#kwh
2021-03-24,2021-06-07,37,0.007592,0.6245,0.4228,0.2017,0.5874,False,solar.bun_pe#realenergyintotheload#kwh
2021-06-11,2021-07-19,32,0.001808,0.5874,0.5663,0.021,0.7133,False,solar.bun_pe#realenergyintotheload#kwh
2021-07-22,2021-09-28,62,0.004596,0.7133,1.3924,-0.6791,0.5118,False,solar.bun_pe#realenergyintotheload#kwh
2021-10-01,2021-10-29,19,-0.026474,1.7984,0.7839,1.0145,0.5934,True,solar.bun_pe#realenergyintotheload#kwh
2021-11-13,2022-01-25,10,0.004427,0.5934,1.2767,-0.6832,0.9702,False,solar.bun_pe#realenergyintotheload#kwh
2022-01-30,2022-02-14,15,0.007126,1.0682,1.18,-0.1118,0.425,False,solar.bun_pe#realenergyintotheload#kwh
2022-03-16,2022-04-17,19,0.043892,0.425,1.169,-0.744,0.2071,False,solar.bun_pe#realenergyintotheload#kwh
2022-04-20,2022-05-26,16,-0.053274,1.075,0.4586,0.6164,0.7357,True,solar.bun_pe#realenergyintotheload#kwh
2022-06-06,2022-07-16,38,0.003863,1.0189,0.3053,0.7136,0.7977,False,solar.bun_pe#realenergyintotheload#kwh
2022-07-18,2022-08-28,28,0.001059,0.7977,1.0455,-0.2478,0.4202,False,solar.bun_pe#realenergyintotheload#kwh
2022-08-30,2022-09-07,9,0.066241,0.4202,1.4222,-1.0019,0.5632,False,solar.bun_pe#realenergyintotheload#kwh
2022-09-09,2022-09-26,18,0.028056,0.7815,0.6549,0.1266,0.6577,False,solar.bun_pe#realenergyintotheload#kwh
2022-10-08,2022-10-18,9,0.046082,0.7584,1.1688,-0.4104,0.6983,False,solar.bun_pe#realenergyintotheload#kwh
2022-10-25,2023-06-05,49,0.002499,0.966,1.1234,-0.1574,0.6045,False,solar.bun_pe#realenergyintotheload#kwh
2023-06-11,2023-08-21,46,0.011143,1.0179,1.4088,-0.3909,1.093,False,solar.bun_pe#realenergyintotheload#kwh
2023-08-23,2023-09-30,29,0.017361,1.093,1.1602,-0.0673,0.6627,False,solar.bun_pe#realenergyintotheload#kwh
2023-10-06,2023-12-11,10,-0.057578,0.6627,0.1771,0.4855,0.4472,True,solar.bun_pe#realenergyintotheload#kwh
2024-01-24,2024-11-16,110,-0.001081,1.2516,1.2719,-0.0203,0.8678,False,solar.bun_pe#realenergyintotheload#kwh
2024-11-18,2024-11-23,6,-0.008542,0.8678,0.8119,0.056,0.2418,True,solar.bun_pe#realenergyintotheload#kwh
2024-12-02,2025-01-05,35,0.005293,1.1044,0.6806,0.4238,0.9944,False,solar.bun_pe#realenergyintotheload#kwh
2025-01-07,2025-03-15,63,-0.001444,1.2778,0.7105,0.5673,0.9043,False,solar.bun_pe#realenergyintotheload#kwh
2025-03-21,2025-06-07,79,0.000711,0.4562,0.6638,-0.2076,0.4368,False,solar.bun_pe#realenergyintotheload#kwh
2025-06-09,2025-07-21,31,-0.004357,0.4368,1.0341,-0.5973,0.5313,True,solar.bun_pe#realenergyintotheload#kwh
2025-07-27,2025-08-12,13,0.039591,0.5313,0.5734,-0.0421,,False,solar.bun_pe#realenergyintotheload#kwh
2020-03-25,2020-04-28,35,-2e-06,0.0009,0.0008,0.0001,0.0008,False,solar.bun_ps2#realenergyintotheload#kwh
2020-04-30,2020-05-08,9,0.0,0.0008,0.0008,0.0,0.0008,False,solar.bun_ps2#realenergyintotheload#kwh
2020-05-10,2020-08-06,48,-0.075266,0.0008,0.8148,-0.8139,0.6342,True,solar.bun_ps2#realenergyintotheload#kwh
2020-08-08,2020-10-16,61,-0.000955,0.6342,1.1053,-0.4711,0.9625,False,solar.bun_ps2#realenergyintotheload#kwh
2020-10-18,2021-02-04,22,0.022341,1.2061,1.3984,-0.1923,0.7167,False,solar.bun_ps2#realenergyintotheload#kwh
2021-02-06,2021-02-17,9,0.022556,0.7167,1.2251,-0.5083,0.6267,False,solar.bun_ps2#realenergyintotheload#kwh
2021-03-24,2021-06-07,36,0.007462,0.6745,0.4802,0.1943,0.644,False,solar.bun_ps2#realenergyintotheload#kwh
2021-06-11,2021-07-19,32,0.0026,0.644,0.5946,0.0494,0.7131,False,solar.bun_ps2#realenergyintotheload#kwh
2021-07-22,2021-09-28,62,0.00394,0.7131,1.347,-0.6338,0.5584,False,solar.bun_ps2#realenergyintotheload#kwh
2021-10-01,2021-11-09,19,-0.010113,1.5856,1.5299,0.0557,0.6195,True,solar.bun_ps2#realenergyintotheload#kwh
2021-11-13,2022-01-25,13,0.003431,0.6195,1.2111,-0.5915,0.9216,False,solar.bun_ps2#realenergyintotheload#kwh
2022-01-30,2022-02-14,15,0.001659,1.102,1.1103,-0.0083,0.4601,False,solar.bun_ps2#realenergyintotheload#kwh
2022-03-16,2022-04-17,18,0.040969,0.4601,1.092,-0.6318,0.2276,False,solar.bun_ps2#realenergyintotheload#kwh
2022-04-20,2022-05-26,16,-0.045994,1.0116,0.4783,0.5333,0.8074,True,solar.bun_ps2#realenergyintotheload#kwh
2022-06-06,2022-07-16,34,0.004254,0.9793,0.3423,0.637,0.8399,False,solar.bun_ps2#realenergyintotheload#kwh
2022-07-18,2022-08-28,29,0.00177,0.8399,0.9043,-0.0644,0.4447,False,solar.bun_ps2#realenergyintotheload#kwh
2022-08-30,2022-09-07,9,0.064039,0.4447,1.2986,-0.8539,0.6016,False,solar.bun_ps2#realenergyintotheload#kwh
2022-09-09,2022-09-26,18,0.025165,0.8178,0.6546,0.1633,0.6089,False,solar.bun_ps2#realenergyintotheload#kwh
2022-10-08,2022-10-18,8,0.062926,0.8092,1.2061,-0.397,0.7541,False,solar.bun_ps2#realenergyintotheload#kwh
2022-10-25,2023-06-06,56,-0.001801,0.9289,0.3747,0.5542,0.658,False,solar.bun_ps2#realenergyintotheload#kwh
2023-06-11,2023-08-21,49,0.005611,1.0976,1.284,-0.1864,1.0121,False,solar.bun_ps2#realenergyintotheload#kwh
2023-08-23,2023-09-30,29,0.016494,1.0121,1.073,-0.0608,1.113,False,solar.bun_ps2#realenergyintotheload#kwh
2023-10-08,2024-01-12,11,-0.069295,1.113,1.1254,-0.0124,0.425,True,solar.bun_ps2#realenergyintotheload#kwh
2024-01-24,2024-11-16,96,-0.000159,1.1839,1.2203,-0.0365,0.6331,False,solar.bun_ps2#realenergyintotheload#kwh
2024-11-18,2024-11-23,6,-0.012163,0.9477,0.7165,0.2312,0.2458,True,solar.bun_ps2#realenergyintotheload#kwh
2024-12-02,2025-01-05,35,0.00065,1.1527,0.6788,0.4739,0.9873,False,solar.bun_ps2#realenergyintotheload#kwh
2025-01-07,2025-03-15,63,-0.002758,1.0807,0.7043,0.3764,0.9484,True,solar.bun_ps2#realenergyintotheload#kwh
2025-03-21,2025-06-07,78,0.000119,0.5068,0.7433,-0.2365,0.4488,False,solar.bun_ps2#realenergyintotheload#kwh
2025-06-09,2025-07-21,31,0.003293,0.4488,1.0734,-0.6245,0.5464,False,solar.bun_ps2#realenergyintotheload#kwh
2025-07-27,2025-08-12,13,0.02812,0.5464,0.633,-0.0866,,False,solar.bun_ps2#realenergyintotheload#kwh
2020-03-26,2020-04-28,33,3.7e-05,0.0015,0.0007,0.0008,0.0007,False,solar.bun_pw#realenergyintotheload#kwh
2020-04-30,2020-05-08,9,0.0,0.0007,0.0007,0.0,0.0007,False,solar.bun_pw#realenergyintotheload#kwh
2020-05-10,2020-08-06,46,-0.151652,0.0007,0.7922,-0.7915,0.6204,True,solar.bun_pw#realenergyintotheload#kwh
2020-08-08,2020-10-16,61,-0.000196,0.6204,1.354,-0.7337,0.9574,False,solar.bun_pw#realenergyintotheload#kwh
2020-10-18,2021-02-04,17,0.041886,1.1602,1.3358,-0.1756,0.6963,False,solar.bun_pw#realenergyintotheload#kwh
2021-02-06,2021-02-17,8,0.064416,0.6963,1.3962,-0.6999,0.5681,False,solar.bun_pw#realenergyintotheload#kwh
2021-03-24,2021-06-07,36,0.009655,0.6465,0.4407,0.2058,0.6071,False,solar.bun_pw#realenergyintotheload#kwh
2021-06-11,2021-07-19,32,0.002502,0.6071,0.5366,0.0705,0.7122,False,solar.bun_pw#realenergyintotheload#kwh
2021-07-22,2021-09-28,62,0.004343,0.7122,1.4104,-0.6982,0.5422,False,solar.bun_pw#realenergyintotheload#kwh
2021-10-01,2021-10-28,18,-0.021022,1.7707,0.9204,0.8504,0.5836,True,solar.bun_pw#realenergyintotheload#kwh
2021-11-13,2022-01-25,10,0.037239,0.5836,1.298,-0.7144,0.9449,False,solar.bun_pw#realenergyintotheload#kwh
2022-01-30,2022-02-14,15,0.008893,1.0878,1.1998,-0.1121,0.4219,False,solar.bun_pw#realenergyintotheload#kwh
2022-03-16,2022-04-17,19,0.044524,0.4219,1.1956,-0.7737,0.2281,False,solar.bun_pw#realenergyintotheload#kwh
2022-04-20,2022-05-26,16,-0.054714,1.0367,0.4408,0.5958,0.7513,True,solar.bun_pw#realenergyintotheload#kwh
2022-06-06,2022-07-16,37,0.004539,0.9824,0.3198,0.6626,0.7766,False,solar.bun_pw#realenergyintotheload#kwh
2022-07-18,2022-08-28,29,-0.000134,0.7766,0.9728,-0.1962,0.407,False,solar.bun_pw#realenergyintotheload#kwh
2022-08-30,2022-09-07,9,0.065398,0.407,1.3693,-0.9623,0.59,False,solar.bun_pw#realenergyintotheload#kwh
2022-09-09,2022-09-26,18,0.026293,0.7791,0.6443,0.1348,0.6264,False,solar.bun_pw#realenergyintotheload#kwh
2022-10-08,2022-10-18,9,0.044917,0.7673,1.2159,-0.4486,0.7202,False,solar.bun_pw#realenergyintotheload#kwh
2022-10-25,2023-06-05,52,0.005251,0.9831,1.0328,-0.0496,0.6045,False,solar.bun_pw#realenergyintotheload#kwh
2023-06-11,2023-08-21,47,0.01113,1.0481,1.4492,-0.4011,1.0258,False,solar.bun_pw#realenergyintotheload#kwh
2023-08-23,2023-09-30,29,0.019248,1.0258,1.2484,-0.2226,1.0963,False,solar.bun_pw#realenergyintotheload#kwh
2023-10-11,2023-12-11,9,-0.147395,1.9847,0.1785,1.8062,0.4098,True,solar.bun_pw#realenergyintotheload#kwh
2024-01-24,2024-11-16,95,0.000827,1.3714,1.3194,0.0519,0.8852,False,solar.bun_pw#realenergyintotheload#kwh
2024-11-18,2024-11-23,6,-0.065842,0.8852,0.6346,0.2506,0.2386,True,solar.bun_pw#realenergyintotheload#kwh
2024-12-02,2025-01-05,35,0.001476,1.1761,0.5843,0.5918,0.9928,False,solar.bun_pw#realenergyintotheload#kwh
2025-01-07,2025-03-15,63,-0.002348,1.1238,0.6466,0.4773,0.942,True,solar.bun_pw#realenergyintotheload#kwh
2025-03-21,2025-06-07,79,-6.3e-05,0.452,0.6708,-0.2188,0.4293,False,solar.bun_pw#realenergyintotheload#kwh
2025-06-09,2025-07-21,31,-0.004705,0.4293,1.0016,-0.5723,0.5281,True,solar.bun_pw#realenergyintotheload#kwh
2025-07-27,2025-08-12,13,0.033967,0.5281,0.5535,-0.0254,,False,solar.bun_pw#realenergyintotheload#kwh
2020-03-24,2020-05-08,34,-0.008091,7.0185,4.9291,2.0894,2.3005,True,solar.bun_rd1#realenergyintotheload#kwh
2020-05-10,2020-08-06,49,-0.059085,3.6045,0.9211,2.6834,0.6623,True,solar.bun_rd1#realenergyintotheload#kwh
2020-08-08,2020-10-16,61,-0.001983,0.6623,0.9988,-0.3365,0.9013,False,solar.bun_rd1#realenergyintotheload#kwh
2020-10-18,2021-02-04,20,0.024936,1.3379,1.3009,0.037,0.8586,False,solar.bun_rd1#realenergyintotheload#kwh
2021-02-06,2021-02-20,11,0.001192,0.8211,0.6466,0.1746,0.6374,False,solar.bun_rd1#realenergyintotheload#kwh
2021-03-24,2021-06-07,36,0.006879,0.7636,0.5619,0.2018,0.6631,False,solar.bun_rd1#realenergyintotheload#kwh
2021-06-11,2021-07-19,32,0.001505,0.6631,0.5446,0.1186,0.6986,False,solar.bun_rd1#realenergyintotheload#kwh
2021-07-22,2021-09-28,62,0.006321,0.6986,1.5427,-0.8442,0.5685,False,solar.bun_rd1#realenergyintotheload#kwh
2021-10-01,2021-10-29,19,-0.023725,1.6479,0.7772,0.8707,0.7811,True,solar.bun_rd1#realenergyintotheload#kwh
2021-11-13,2022-01-25,11,0.045868,0.7811,1.553,-0.7719,0.9751,False,solar.bun_rd1#realenergyintotheload#kwh
2022-01-30,2022-02-14,15,0.011281,1.1498,1.2987,-0.1489,0.459,False,solar.bun_rd1#realenergyintotheload#kwh
2022-03-16,2022-04-17,19,0.045852,0.459,1.3459,-0.8868,0.2061,False,solar.bun_rd1#realenergyintotheload#kwh
2022-04-20,2022-05-26,16,-0.045192,0.9541,0.3585,0.5956,0.7039,True,solar.bun_rd1#realenergyintotheload#kwh
2022-06-06,2022-07-16,38,0.006969,0.9017,0.3078,0.594,0.7608,False,solar.bun_rd1#realenergyintotheload#kwh
2022-07-18,2022-08-28,29,0.004002,0.6431,1.1767,-0.5336,0.4348,False,solar.bun_rd1#realenergyintotheload#kwh
2022-08-30,2022-09-07,9,0.066329,0.4348,1.3812,-0.9464,0.5934,False,solar.bun_rd1#realenergyintotheload#kwh
2022-09-09,2022-09-26,18,0.023764,0.8967,0.5902,0.3065,0.5549,False,solar.bun_rd1#realenergyintotheload#kwh
2022-10-08,2022-10-18,9,0.03944,0.9015,1.2368,-0.3354,0.7386,False,solar.bun_rd1#realenergyintotheload#kwh
2022-10-25,2023-06-06,21,-0.051,0.9346,0.3182,0.6164,0.5951,True,solar.bun_rd1#realenergyintotheload#kwh
2023-06-11,2023-06-22,7,0.038135,1.0085,0.7619,0.2467,0.3399,False,solar.bun_rd1#realenergyintotheload#kwh
2023-06-24,2023-08-21,41,0.016174,0.9969,1.3615,-0.3646,1.1977,False,solar.bun_rd1#realenergyintotheload#kwh
2023-08-23,2023-09-30,29,0.020978,1.1977,1.3577,-0.16,1.1972,False,solar.bun_rd1#realenergyintotheload#kwh
2023-10-08,2023-12-13,12,-0.074731,1.1972,0.6323,0.5649,0.4136,True,solar.bun_rd1#realenergyintotheload#kwh
2024-01-24,2024-04-15,33,-0.014288,1.4179,1.239,0.1789,,True,solar.bun_rd1#realenergyintotheload#kwh
2020-03-19,2020-05-08,35,-0.007014,2.5553,3.809,-1.2537,2.1723,True,solar.bun_rd2#realenergyintotheload#kwh
2020-05-10,2020-08-06,48,-0.049786,3.377,0.8573,2.5197,0.6307,True,solar.bun_rd2#realenergyintotheload#kwh
2020-08-08,2020-10-16,61,0.002438,0.6307,1.4885,-0.8578,0.865,False,solar.bun_rd2#realenergyintotheload#kwh
2020-10-18,2021-02-04,18,0.032927,1.3591,1.2887,0.0704,0.8041,False,solar.bun_rd2#realenergyintotheload#kwh
2021-02-06,2021-06-07,26,-0.001733,0.8041,0.5873,0.2168,0.6371,False,solar.bun_rd2#realenergyintotheload#kwh
2021-06-11,2021-07-19,32,0.003218,0.6371,0.5912,0.0459,0.6483,False,solar.bun_rd2#realenergyintotheload#kwh
2021-07-22,2021-09-28,62,0.007443,0.6483,1.5378,-0.8896,0.6051,False,solar.bun_rd2#realenergyintotheload#kwh
2021-10-01,2021-10-28,18,-0.020751,1.6365,1.0678,0.5687,0.7692,True,solar.bun_rd2#realenergyintotheload#kwh
2021-11-13,2022-01-25,11,0.062493,0.7692,1.52,-0.7508,1.0054,False,solar.bun_rd2#realenergyintotheload#kwh
2022-01-30,2022-02-14,15,0.011996,1.1854,1.3213,-0.136,0.4603,False,solar.bun_rd2#realenergyintotheload#kwh
2022-03-16,2022-04-17,19,0.043399,0.4603,1.2821,-0.8218,0.2135,False,solar.bun_rd2#realenergyintotheload#kwh
2022-04-20,2022-05-26,16,-0.047295,0.9953,0.397,0.5983,0.7029,True,solar.bun_rd2#realenergyintotheload#kwh
2022-06-06,2022-07-16,36,0.003494,0.8561,0.3162,0.5399,0.6899,False,solar.bun_rd2#realenergyintotheload#kwh
2022-07-18,2022-08-28,29,0.005878,0.6899,1.1416,-0.4517,0.4371,False,solar.bun_rd2#realenergyintotheload#kwh
2022-08-30,2022-09-07,9,0.066564,0.4371,1.3594,-0.9223,0.5879,False,solar.bun_rd2#realenergyintotheload#kwh
2022-09-09,2022-09-26,18,0.025074,0.8562,0.5773,0.2789,0.5517,False,solar.bun_rd2#realenergyintotheload#kwh
2022-10-08,2022-10-18,9,0.038403,0.856,1.1614,-0.3054,0.7443,False,solar.bun_rd2#realenergyintotheload#kwh
2022-10-25,2023-06-06,54,-0.002203,0.9751,0.3431,0.632,0.6066,True,solar.bun_rd2#realenergyintotheload#kwh
2023-06-11,2023-06-22,8,-0.020431,1.0255,0.8149,0.2106,0.3798,True,solar.bun_rd2#realenergyintotheload#kwh
2023-06-24,2023-08-21,40,0.014051,1.0276,1.1339,-0.1062,1.2103,False,solar.bun_rd2#realenergyintotheload#kwh
2023-08-23,2023-09-30,29,0.02429,1.2103,1.4459,-0.2356,1.1943,False,solar.bun_rd2#realenergyintotheload#kwh
2023-10-08,2023-12-13,10,-0.107936,1.1943,0.6419,0.5525,0.4134,True,solar.bun_rd2#realenergyintotheload#kwh
2024-01-24,2024-04-15,23,-0.035501,1.5294,1.15,0.3795,,True,solar.bun_rd2#realenergyintotheload#kwh
2020-04-02,2020-04-28,14,-0.000142,0.0056,0.0006,0.005,0.0006,False,solar.bun_rlr#realenergyintotheload#kwh
2020-04-30,2020-05-08,9,0.0,0.0006,0.0006,0.0,0.0006,False,solar.bun_rlr#realenergyintotheload#kwh
2020-05-10,2020-08-06,44,-0.127347,0.0006,0.8428,-0.8421,0.6211,True,solar.bun_rlr#realenergyintotheload#kwh
2020-08-08,2020-10-16,61,-0.000693,0.6211,1.268,-0.6469,0.9949,False,solar.bun_rlr#realenergyintotheload#kwh
2020-10-18,2021-02-04,17,0.036577,1.1904,1.2688,-0.0785,0.7087,False,solar.bun_rlr#realenergyintotheload#kwh
2021-02-06,2021-02-17,8,0.078908,0.692,1.4289,-0.737,0.5805,False,solar.bun_rlr#realenergyintotheload#kwh
2021-03-24,2021-06-07,36,0.006545,0.6396,0.5081,0.1315,0.6445,False,solar.bun_rlr#realenergyintotheload#kwh
2021-06-11,2021-07-19,32,0.002859,0.6445,0.5708,0.0737,0.7769,False,solar.bun_rlr#realenergyintotheload#kwh
2021-07-22,2021-09-28,61,0.005394,0.7769,1.4576,-0.6806,0.5271,False,solar.bun_rlr#realenergyintotheload#kwh
2021-10-01,2021-10-28,17,-0.01977,1.3787,0.9146,0.4642,0.5813,True,solar.bun_rlr#realenergyintotheload#kwh
2021-11-13,2022-01-25,9,0.091706,0.5813,1.2439,-0.6626,1.0271,False,solar.bun_rlr#realenergyintotheload#kwh
2022-01-30,2022-02-14,15,0.004836,1.0583,1.2208,-0.1625,0.4314,False,solar.bun_rlr#realenergyintotheload#kwh
2022-03-16,2022-04-17,19,0.043511,0.4314,1.1888,-0.7574,0.2286,False,solar.bun_rlr#realenergyintotheload#kwh
2022-04-20,2022-05-26,16,-0.049338,1.0109,0.4629,0.5481,0.7895,True,solar.bun_rlr#realenergyintotheload#kwh
2022-06-06,2022-07-16,36,0.004457,1.0178,0.3615,0.6563,0.8253,False,solar.bun_rlr#realenergyintotheload#kwh
2022-07-18,2022-08-28,28,0.004398,0.8253,1.0142,-0.1889,0.3839,False,solar.bun_rlr#realenergyintotheload#kwh
2022-08-30,2022-09-07,9,0.066663,0.3839,1.2951,-0.9112,0.562,False,solar.bun_rlr#realenergyintotheload#kwh
2022-09-09,2022-09-26,18,0.020979,0.763,0.5482,0.2148,0.5769,False,solar.bun_rlr#realenergyintotheload#kwh
2022-10-08,2022-10-18,8,0.059439,0.7703,1.1461,-0.3758,0.6509,False,solar.bun_rlr#realenergyintotheload#kwh
2022-10-23,2023-06-05,54,0.004596,0.6509,1.0315,-0.3806,0.6672,False,solar.bun_rlr#realenergyintotheload#kwh
2023-06-11,2023-08-21,47,0.008853,1.0474,1.3952,-0.3477,0.9911,False,solar.bun_rlr#realenergyintotheload#kwh
2023-08-23,2023-09-30,29,0.016991,0.9911,1.1935,-0.2024,1.2323,False,solar.bun_rlr#realenergyintotheload#kwh
2023-10-08,2023-12-11,8,-0.149202,1.2323,0.1841,1.0482,0.3718,True,solar.bun_rlr#realenergyintotheload#kwh
2024-01-24,2024-11-16,92,0.000577,1.2509,1.2794,-0.0285,0.8346,False,solar.bun_rlr#realenergyintotheload#kwh
2024-11-18,2024-11-23,6,-0.035211,0.8346,0.6844,0.1502,0.2216,True,solar.bun_rlr#realenergyintotheload#kwh
2024-12-02,2025-01-05,35,0.001068,1.1885,0.5957,0.5928,1.026,False,solar.bun_rlr#realenergyintotheload#kwh
2025-01-07,2025-03-15,63,-0.001325,1.3842,0.7435,0.6407,1.0926,False,solar.bun_rlr#realenergyintotheload#kwh
2025-03-21,2025-06-07,78,-0.001888,0.4406,0.6986,-0.2579,0.4177,False,solar.bun_rlr#realenergyintotheload#kwh
2025-06-09,2025-07-21,31,-0.003578,0.4177,0.9199,-0.5023,0.5011,True,solar.bun_rlr#realenergyintotheload#kwh
2025-07-27,2025-08-12,13,0.03463,0.5011,0.6824,-0.1813,,False,solar.bun_rlr#realenergyintotheload#kwh
2020-02-15,2020-03-03,18,0.0,0.0,0.0,-0.0,0.0,False,solar.bun_sw#realenergyintotheload#kwh
2020-03-06,2020-04-28,44,6.7e-05,0.0,0.0023,-0.0023,0.0023,False,solar.bun_sw#realenergyintotheload#kwh
2020-04-30,2020-05-08,9,0.0,0.0023,0.0023,0.0,0.0023,False,solar.bun_sw#realenergyintotheload#kwh
2020-05-10,2020-08-06,49,-0.044644,0.0023,0.8327,-0.8304,0.6298,True,solar.bun_sw#realenergyintotheload#kwh
2020-08-08,2020-10-16,61,-0.000505,0.6298,1.194,-0.5642,0.943,False,solar.bun_sw#realenergyintotheload#kwh
2020-10-18,2021-02-04,19,0.02817,1.1793,1.3284,-0.1491,0.7063,False,solar.bun_sw#realenergyintotheload#kwh
2021-02-06,2021-02-22,10,0.035681,0.7063,1.2576,-0.5513,0.6155,False,solar.bun_sw#realenergyintotheload#kwh
2021-03-24,2021-06-07,36,0.006812,0.6707,0.4745,0.1962,0.6613,False,solar.bun_sw#realenergyintotheload#kwh
2021-06-11,2021-07-19,32,0.002328,0.6613,0.6012,0.0601,0.7452,False,solar.bun_sw#realenergyintotheload#kwh
2021-07-22,2021-09-28,62,0.004097,0.7452,1.3841,-0.6389,0.5708,False,solar.bun_sw#realenergyintotheload#kwh
2021-10-01,2021-10-28,17,-0.022314,1.552,0.8989,0.6531,0.6154,True,solar.bun_sw#realenergyintotheload#kwh
2021-11-13,2022-01-25,9,0.089748,0.6154,1.1695,-0.5541,0.8753,False,solar.bun_sw#realenergyintotheload#kwh
2022-01-30,2022-02-14,15,0.002996,1.0483,1.1262,-0.078,0.4436,False,solar.bun_sw#realenergyintotheload#kwh
2022-03-16,2022-04-17,19,0.041928,0.4436,1.131,-0.6874,0.2179,False,solar.bun_sw#realenergyintotheload#kwh
2022-04-20,2022-05-26,16,-0.043435,1.0388,0.4662,0.5726,0.7797,True,solar.bun_sw#realenergyintotheload#kwh
2022-06-06,2022-07-16,35,0.005211,0.9564,0.3473,0.6091,0.8777,False,solar.bun_sw#realenergyintotheload#kwh
2022-07-18,2022-08-28,28,0.003315,0.771,1.0363,-0.2654,0.4363,False,solar.bun_sw#realenergyintotheload#kwh
2022-08-30,2022-09-07,9,0.057272,0.4363,1.3005,-0.8642,0.5852,False,solar.bun_sw#realenergyintotheload#kwh
2022-09-09,2022-09-26,18,0.02076,0.8137,0.6076,0.206,0.591,False,solar.bun_sw#realenergyintotheload#kwh
2022-09-28,2022-10-04,5,0.238046,0.3825,0.7468,-0.3643,0.7532,False,solar.bun_sw#realenergyintotheload#kwh
2022-10-08,2022-10-18,9,0.041962,0.7532,1.1799,-0.4268,0.7018,False,solar.bun_sw#realenergyintotheload#kwh
2022-10-23,2023-06-05,49,0.003849,0.7018,1.0051,-0.3033,1.0109,False,solar.bun_sw#realenergyintotheload#kwh
2023-06-08,2023-08-21,47,0.00753,1.3267,1.3317,-0.005,1.0758,False,solar.bun_sw#realenergyintotheload#kwh
2023-08-23,2023-09-30,29,0.015553,1.0758,1.1927,-0.1169,1.0895,False,solar.bun_sw#realenergyintotheload#kwh
2023-10-08,2023-12-13,10,-0.100521,1.0895,0.5345,0.555,0.417,True,solar.bun_sw#realenergyintotheload#kwh
2024-01-24,2024-11-16,98,0.001124,1.1689,1.3284,-0.1595,0.5188,False,solar.bun_sw#realenergyintotheload#kwh
2024-11-18,2024-11-23,6,0.031212,0.9245,0.7121,0.2124,0.2376,False,solar.bun_sw#realenergyintotheload#kwh
2024-12-02,2025-01-05,35,0.000448,1.2537,0.6461,0.6076,1.0624,False,solar.bun_sw#realenergyintotheload#kwh
2025-01-07,2025-03-15,63,-0.002272,1.1018,0.7472,0.3546,0.9701,True,solar.bun_sw#realenergyintotheload#kwh
2025-03-21,2025-06-07,79,-0.000267,0.4755,0.7309,-0.2555,0.4685,False,solar.bun_sw#realenergyintotheload#kwh
2025-06-09,2025-07-21,31,0.003293,0.4685,1.0468,-0.5782,0.5577,False,solar.bun_sw#realenergyintotheload#kwh
2025-07-27,2025-08-12,13,0.03885,0.5577,0.7561,-0.1984,,False,solar.bun_sw#realenergyintotheload#kwh
2020-05-10,2020-08-06,49,-0.115027,0.0045,0.7468,-0.7423,0.6243,True,solar.bun_tlc#realenergyintotheload#kwh
2020-08-08,2020-10-16,61,0.001015,0.6243,1.3796,-0.7554,0.9486,False,solar.bun_tlc#realenergyintotheload#kwh
2020-10-18,2021-02-04,18,0.036068,1.1122,1.2127,-0.1005,0.7643,False,solar.bun_tlc#realenergyintotheload#kwh
2021-02-06,2021-02-17,10,0.034615,0.7066,1.3872,-0.6806,0.5722,False,solar.bun_tlc#realenergyintotheload#kwh
2021-03-24,2021-06-07,36,0.005985,0.6602,0.4384,0.2218,0.6106,False,solar.bun_tlc#realenergyintotheload#kwh
2021-06-11,2021-07-19,32,0.003271,0.6106,0.5379,0.0726,0.6836,False,solar.bun_tlc#realenergyintotheload#kwh
2021-07-22,2021-09-28,62,0.005195,0.6836,1.4012,-0.7175,0.5255,False,solar.bun_tlc#realenergyintotheload#kwh
2021-10-01,2021-10-28,18,-0.02085,1.7124,0.9098,0.8027,0.6086,True,solar.bun_tlc#realenergyintotheload#kwh
2021-11-13,2022-01-25,10,0.047899,0.6086,1.2214,-0.6128,0.9943,False,solar.bun_tlc#realenergyintotheload#kwh
2022-01-30,2022-02-14,15,0.000807,1.0655,1.1813,-0.1158,0.4286,False,solar.bun_tlc#realenergyintotheload#kwh
2022-03-16,2022-04-17,19,0.042388,0.4286,1.1457,-0.7171,0.2283,False,solar.bun_tlc#realenergyintotheload#kwh
2022-04-20,2022-05-26,16,-0.055134,1.0046,0.4237,0.5808,0.7444,True,solar.bun_tlc#realenergyintotheload#kwh
2022-06-06,2022-07-16,36,0.002231,0.8322,0.3267,0.5055,0.7256,False,solar.bun_tlc#realenergyintotheload#kwh
2022-07-18,2022-08-28,28,0.004895,0.7256,0.9638,-0.2382,0.415,False,solar.bun_tlc#realenergyintotheload#kwh
2022-08-30,2022-09-26,27,0.007123,0.415,0.597,-0.182,0.5729,False,solar.bun_tlc#realenergyintotheload#kwh
2022-09-28,2022-10-04,5,0.285919,0.3542,0.7261,-0.3719,0.2819,False,solar.bun_tlc#realenergyintotheload#kwh
2022-10-08,2022-10-18,8,0.062944,0.7262,1.0929,-0.3667,0.7008,False,solar.bun_tlc#realenergyintotheload#kwh
2022-10-25,2023-06-06,53,0.005265,0.9964,0.37,0.6264,0.5965,False,solar.bun_tlc#realenergyintotheload#kwh
2023-06-11,2023-06-22,7,0.03878,0.9829,1.0288,-0.0459,0.3962,False,solar.bun_tlc#realenergyintotheload#kwh
2023-06-24,2023-08-21,39,0.016059,0.837,1.3623,-0.5253,0.9273,False,solar.bun_tlc#realenergyintotheload#kwh
2023-08-23,2023-09-30,29,0.020078,0.9273,1.1827,-0.2553,0.6837,False,solar.bun_tlc#realenergyintotheload#kwh
2023-10-06,2023-12-13,12,-0.071175,0.6837,0.5393,0.1444,0.4044,True,solar.bun_tlc#realenergyintotheload#kwh
2024-01-24,2024-11-16,98,0.000899,1.2649,1.3102,-0.0454,0.957,False,solar.bun_tlc#realenergyintotheload#kwh
2024-11-18,2024-11-23,6,-0.040598,0.957,0.778,0.179,0.2543,True,solar.bun_tlc#realenergyintotheload#kwh
2024-12-02,2025-01-05,35,0.002278,1.2265,0.6879,0.5386,1.0178,False,solar.bun_tlc#realenergyintotheload#kwh
2025-01-07,2025-03-15,63,-0.002153,1.4172,0.8142,0.6031,1.0972,True,solar.bun_tlc#realenergyintotheload#kwh
2025-03-21,2025-06-07,79,-0.0028,0.4757,0.6326,-0.1569,0.4387,True,solar.bun_tlc#realenergyintotheload#kwh
2025-06-09,2025-07-21,31,-0.000489,0.4387,0.9404,-0.5017,0.5108,False,solar.bun_tlc#realenergyintotheload#kwh
2025-07-27,2025-08-12,13,0.045356,0.5108,0.6849,-0.1741,,False,solar.bun_tlc#realenergyintotheload#kwh
2020-02-12,2020-03-03,21,0.0,0.001,0.001,0.0,0.001,False,solar.bun_union#realenergyintotheload#kwh
2020-03-06,2020-04-28,54,-2e-06,0.001,0.0009,0.0001,0.0009,False,solar.bun_union#realenergyintotheload#kwh
2020-04-30,2020-05-08,9,0.0,0.0009,0.0009,0.0,0.0009,False,solar.bun_union#realenergyintotheload#kwh
2020-05-10,2020-05-31,12,-1.8e-05,0.0009,0.0007,0.0003,0.3262,False,solar.bun_union#realenergyintotheload#kwh
2020-08-21,2020-10-16,48,0.006669,1.2444,1.345,-0.1006,0.937,False,solar.bun_union#realenergyintotheload#kwh
2020-10-18,2021-02-04,17,0.035345,1.1271,1.2971,-0.1699,0.6705,False,solar.bun_union#realenergyintotheload#kwh
2021-02-06,2021-02-17,9,0.035616,0.6705,1.3479,-0.6773,0.5702,False,solar.bun_union#realenergyintotheload#kwh
2021-03-24,2021-06-07,36,0.008281,0.6257,0.5393,0.0864,0.5754,False,solar.bun_union#realenergyintotheload#kwh
2021-06-11,2021-09-28,94,0.003967,0.5754,1.3962,-0.8207,0.523,False,solar.bun_union#realenergyintotheload#kwh
2021-10-01,2021-10-28,18,-0.022108,1.6916,0.8579,0.8337,0.5734,True,solar.bun_union#realenergyintotheload#kwh
2021-11-13,2022-01-25,10,0.072133,0.5734,1.2593,-0.6859,0.9609,False,solar.bun_union#realenergyintotheload#kwh
2022-01-30,2022-02-14,15,0.004687,1.0374,1.1599,-0.1225,0.4143,False,solar.bun_union#realenergyintotheload#kwh
2022-03-16,2022-04-17,18,0.042538,0.4143,1.1759,-0.7617,0.2218,False,solar.bun_union#realenergyintotheload#kwh
2022-04-20,2022-05-26,16,-0.057399,1.08,0.424,0.6559,0.6959,True,solar.bun_union#realenergyintotheload#kwh
2022-06-06,2022-07-16,34,0.00501,0.9039,0.2958,0.6081,0.747,False,solar.bun_union#realenergyintotheload#kwh
2022-07-18,2022-08-28,28,0.00439,0.7073,1.1078,-0.4005,0.3995,False,solar.bun_union#realenergyintotheload#kwh
2022-08-30,2022-09-07,9,0.058183,0.3995,1.2681,-0.8687,0.56,False,solar.bun_union#realenergyintotheload#kwh
2022-09-09,2022-09-26,18,0.024195,0.7736,0.6114,0.1622,0.545,False,solar.bun_union#realenergyintotheload#kwh
2022-10-08,2022-10-18,8,0.073977,0.7296,1.1139,-0.3843,0.6759,False,solar.bun_union#realenergyintotheload#kwh
2022-10-25,2023-06-06,51,0.002102,0.8986,0.3271,0.5715,0.6196,False,solar.bun_union#realenergyintotheload#kwh
2023-06-11,2023-08-21,48,0.010834,0.9678,1.4039,-0.4361,1.1255,False,solar.bun_union#realenergyintotheload#kwh
2023-08-23,2023-09-30,29,0.020691,1.1255,1.2583,-0.1329,1.1462,False,solar.bun_union#realenergyintotheload#kwh
2023-10-08,2023-12-11,10,-0.100136,1.1462,0.1845,0.9616,0.391,True,solar.bun_union#realenergyintotheload#kwh
2024-01-24,2024-10-17,110,-0.000162,1.3653,0.946,0.4193,0.6756,False,solar.bun_union#realenergyintotheload#kwh
2024-10-19,2024-11-16,29,0.006442,0.9464,1.399,-0.4526,0.8895,False,solar.bun_union#realenergyintotheload#kwh
2024-11-18,2024-11-23,6,-0.024779,0.8895,0.7737,0.1158,0.2276,True,solar.bun_union#realenergyintotheload#kwh
2024-12-01,2025-01-05,36,0.001479,0.7029,0.6653,0.0376,1.2708,False,solar.bun_union#realenergyintotheload#kwh
2025-01-07,2025-03-15,68,-0.001513,1.3132,0.7405,0.5727,1.0209,False,solar.bun_union#realenergyintotheload#kwh
2025-03-21,2025-06-07,79,-0.00136,0.4676,0.6108,-0.1433,0.4196,False,solar.bun_union#realenergyintotheload#kwh
2025-06-09,2025-07-21,31,-0.002623,0.4196,1.2077,-0.7881,0.496,True,solar.bun_union#realenergyintotheload#kwh
2025-07-27,2025-08-12,13,0.040196,0.496,0.6194,-0.1234,,False,solar.bun_union#realenergyintotheload#kwh
2020-02-15,2020-03-03,18,0.0,0.0,0.0,-0.0,0.0,False,solar.bun_wlt#realenergyintotheload#kwh
2020-03-06,2020-04-28,53,4.3e-05,0.0,0.0015,-0.0015,0.0015,False,solar.bun_wlt#realenergyintotheload#kwh
2020-04-30,2020-05-08,9,0.0,0.0015,0.0015,0.0,0.0015,False,solar.bun_wlt#realenergyintotheload#kwh
2020-05-10,2020-08-06,43,-0.087854,0.0015,0.9527,-0.9511,0.6171,True,solar.bun_wlt#realenergyintotheload#kwh
2020-08-08,2020-10-16,60,-0.000198,0.6171,1.565,-0.9479,1.1969,False,solar.bun_wlt#realenergyintotheload#kwh
2020-10-18,2021-02-04,18,0.033827,1.1969,1.428,-0.2311,0.8103,False,solar.bun_wlt#realenergyintotheload#kwh
2021-02-06,2021-02-22,9,0.090724,0.8011,1.7398,-0.9387,0.6362,False,solar.bun_wlt#realenergyintotheload#kwh
2021-03-24,2021-06-07,36,0.006211,0.6781,0.4554,0.2227,0.619,False,solar.bun_wlt#realenergyintotheload#kwh
2021-06-11,2021-09-28,93,0.004536,0.619,1.479,-0.86,0.5515,False,solar.bun_wlt#realenergyintotheload#kwh
2021-10-01,2021-10-28,18,-0.022173,1.6253,1.0194,0.6058,0.63,True,solar.bun_wlt#realenergyintotheload#kwh
2021-11-13,2022-01-25,12,-0.004924,0.63,1.3857,-0.7557,1.1666,True,solar.bun_wlt#realenergyintotheload#kwh
2022-01-30,2022-02-14,15,0.000987,1.2635,1.3076,-0.0441,0.4433,False,solar.bun_wlt#realenergyintotheload#kwh
2022-03-16,2022-04-17,18,0.042425,0.4433,1.2607,-0.8174,0.2417,False,solar.bun_wlt#realenergyintotheload#kwh
2022-04-20,2022-05-26,16,-0.047549,1.0739,0.5279,0.546,0.7404,True,solar.bun_wlt#realenergyintotheload#kwh
2022-06-06,2022-07-16,34,0.005277,0.9657,0.3228,0.6428,0.8258,False,solar.bun_wlt#realenergyintotheload#kwh
2022-07-18,2022-08-28,29,2.3e-05,0.8258,1.0823,-0.2565,0.4716,False,solar.bun_wlt#realenergyintotheload#kwh
2022-08-30,2022-09-26,27,0.008047,0.4716,0.6629,-0.1913,0.6815,False,solar.bun_wlt#realenergyintotheload#kwh
2022-09-28,2022-10-02,5,0.100157,0.3567,1.2223,-0.8656,0.2873,False,solar.bun_wlt#realenergyintotheload#kwh
2022-10-08,2022-10-18,8,0.052547,0.9452,1.245,-0.2998,0.7866,False,solar.bun_wlt#realenergyintotheload#kwh
2022-10-23,2023-06-05,54,0.0015,0.7866,0.9744,-0.1877,0.6393,False,solar.bun_wlt#realenergyintotheload#kwh
2023-06-11,2023-08-21,46,0.009774,1.0104,1.2969,-0.2865,1.1689,False,solar.bun_wlt#realenergyintotheload#kwh
2023-08-23,2023-09-30,29,0.01649,1.1689,1.3307,-0.1618,1.3181,False,solar.bun_wlt#realenergyintotheload#kwh
2023-10-08,2023-12-13,9,-0.149498,1.3181,0.552,0.766,0.488,True,solar.bun_wlt#realenergyintotheload#kwh
2024-01-24,2024-11-16,95,-0.001241,1.4084,1.4194,-0.011,1.0331,False,solar.bun_wlt#realenergyintotheload#kwh
2024-11-18,2024-11-23,6,-0.054436,1.0331,0.7236,0.3095,0.261,True,solar.bun_wlt#realenergyintotheload#kwh
2024-12-02,2025-01-05,35,-0.000495,1.3153,0.6136,0.7017,1.0522,False,solar.bun_wlt#realenergyintotheload#kwh
2025-01-07,2025-03-15,63,-0.00227,1.3386,0.9345,0.4041,0.989,True,solar.bun_wlt#realenergyintotheload#kwh
2025-03-21,2025-06-07,79,-0.001861,0.4924,0.7459,-0.2535,0.4763,False,solar.bun_wlt#realenergyintotheload#kwh
2025-06-09,2025-07-21,31,-0.001589,0.4763,0.9083,-0.432,0.6381,False,solar.bun_wlt#realenergyintotheload#kwh
2025-07-27,2025-08-12,13,0.025803,0.6381,0.6916,-0.0535,,False,solar.bun_wlt#realenergyintotheload#kwh
