date,daily_pi,pi_smooth,residual,event_type,step_magnitude,meter
2020-06-14,8.1758,3.6647,4.511,step_change_up,6.0647,solar.bun_bg#realenergyintotheload#kwh
2020-06-15,7.414,4.5618,2.8522,step_change_up,6.0647,solar.bun_bg#realenergyintotheload#kwh
2020-06-18,8.8686,5.4824,3.3862,step_change_up,5.4624,solar.bun_bg#realenergyintotheload#kwh
2020-06-19,9.1335,5.4897,3.6438,step_change_up,5.2299,solar.bun_bg#realenergyintotheload#kwh
2020-06-20,7.9835,6.0367,1.9467,step_change_up,3.5519,solar.bun_bg#realenergyintotheload#kwh
2020-06-22,3.6148,6.9893,-3.3745,sudden_drop,0.7979,solar.bun_bg#realenergyintotheload#kwh
2020-06-25,3.9196,6.0656,-2.1459,step_change_down,-4.236,solar.bun_bg#realenergyintotheload#kwh
2020-06-28,9.7053,5.4633,4.242,step_change_down,-4.5614,solar.bun_bg#realenergyintotheload#kwh
2020-06-29,9.8234,5.2308,4.5926,step_change_down,-5.1319,solar.bun_bg#realenergyintotheload#kwh
2020-07-01,9.9703,4.4626,5.5076,step_change_down,-5.2226,solar.bun_bg#realenergyintotheload#kwh
2020-07-02,0.886,2.6022,-1.7162,step_change_down,-5.2674,solar.bun_bg#realenergyintotheload#kwh
2022-10-01,2.9019,0.8368,2.0651,sudden_spike,0.3494,solar.bun_bg#realenergyintotheload#kwh
2020-06-06,6.2061,1.2981,4.908,step_change_up,8.2033,solar.bun_carm1#realenergyintotheload#kwh
2020-06-11,10.89,4.4011,6.4889,step_change_up,7.6439,solar.bun_carm1#realenergyintotheload#kwh
2020-06-13,2.5961,6.6205,-4.0243,step_change_up,8.2033,solar.bun_carm1#realenergyintotheload#kwh
2020-06-14,10.3731,7.8399,2.5332,step_change_up,8.2033,solar.bun_carm1#realenergyintotheload#kwh
2020-06-18,11.5221,8.2033,3.3187,step_change_up,6.0877,solar.bun_carm1#realenergyintotheload#kwh
2020-06-19,11.8647,8.2033,3.6614,step_change_up,2.7284,solar.bun_carm1#realenergyintotheload#kwh
2020-06-20,10.1936,7.644,2.5496,sudden_spike,-0.0378,solar.bun_carm1#realenergyintotheload#kwh
2020-06-22,4.7411,8.2033,-3.4623,step_change_down,-1.2572,solar.bun_carm1#realenergyintotheload#kwh
2020-06-25,5.4429,8.2033,-2.7604,step_change_down,-6.8576,solar.bun_carm1#realenergyintotheload#kwh
2020-06-28,12.3722,7.1295,5.2426,step_change_down,-6.6688,solar.bun_carm1#realenergyintotheload#kwh
2020-06-29,12.5219,6.5827,5.9392,step_change_down,-7.3098,solar.bun_carm1#realenergyintotheload#kwh
2020-07-01,12.7242,5.7973,6.9269,step_change_down,-6.7944,solar.bun_carm1#realenergyintotheload#kwh
2020-07-02,0.8686,3.4836,-2.615,step_change_down,-7.4071,solar.bun_carm1#realenergyintotheload#kwh
2021-11-28,2.9601,0.9714,1.9887,sudden_spike,0.0775,solar.bun_carm1#realenergyintotheload#kwh
2020-06-11,3.7381,1.0637,2.6744,step_change_up,2.1462,solar.bun_carm2#realenergyintotheload#kwh
2020-06-18,4.0933,2.4461,1.6472,step_change_up,1.7804,solar.bun_carm2#realenergyintotheload#kwh
2020-06-19,4.1136,2.4461,1.6675,step_change_up,0.9411,solar.bun_carm2#realenergyintotheload#kwh
2020-06-20,3.5985,2.1464,1.4521,sudden_spike,0.0431,solar.bun_carm2#realenergyintotheload#kwh
2020-06-28,4.4085,2.0048,2.4037,step_change_down,-1.88,solar.bun_carm2#realenergyintotheload#kwh
2020-06-29,4.4684,1.8641,2.6043,step_change_down,-2.2267,solar.bun_carm2#realenergyintotheload#kwh
2020-07-01,4.5132,1.7391,2.774,step_change_down,-1.9182,solar.bun_carm2#realenergyintotheload#kwh
2020-11-30,2.3174,0.8548,1.4627,sudden_spike,0.0834,solar.bun_carm2#realenergyintotheload#kwh
2021-02-03,2.5915,0.827,1.7645,sudden_spike,0.4554,solar.bun_carm2#realenergyintotheload#kwh
2021-11-28,3.0681,1.0232,2.0449,sudden_spike,0.1049,solar.bun_carm2#realenergyintotheload#kwh
2021-11-29,2.6827,1.0232,1.6595,sudden_spike,0.0681,solar.bun_carm2#realenergyintotheload#kwh
2022-10-01,3.2363,0.9841,2.2522,sudden_spike,0.3691,solar.bun_carm2#realenergyintotheload#kwh
2020-06-14,34.1674,14.0254,20.142,step_change_up,24.4271,solar.bun_cs1#realenergyintotheload#kwh
2020-06-15,27.8647,17.548,10.3167,step_change_up,22.4281,solar.bun_cs1#realenergyintotheload#kwh
2020-06-17,26.7893,21.75,5.0393,step_change_up,22.4281,solar.bun_cs1#realenergyintotheload#kwh
2020-06-18,34.4484,21.75,12.6984,step_change_up,21.901,solar.bun_cs1#realenergyintotheload#kwh
2020-06-19,35.6889,21.9118,13.7771,step_change_up,21.3365,solar.bun_cs1#realenergyintotheload#kwh
2020-06-20,31.8457,21.9118,9.9339,step_change_up,16.8379,solar.bun_cs1#realenergyintotheload#kwh
2020-06-22,13.6824,24.4379,-10.7555,step_change_up,6.1366,solar.bun_cs1#realenergyintotheload#kwh
2020-06-23,19.3664,24.4379,-5.0715,sudden_drop,0.8985,solar.bun_cs1#realenergyintotheload#kwh
2020-06-25,15.9355,24.7903,-8.8549,step_change_down,-20.5994,solar.bun_cs1#realenergyintotheload#kwh
2020-06-28,37.3092,21.3473,15.9619,step_change_down,-21.0161,solar.bun_cs1#realenergyintotheload#kwh
2020-06-29,37.55,20.162,17.3881,step_change_down,-23.5676,solar.bun_cs1#realenergyintotheload#kwh
2020-07-01,37.8913,18.4465,19.4448,step_change_down,-21.6336,solar.bun_cs1#realenergyintotheload#kwh
2020-07-02,0.9187,8.562,-7.6433,step_change_down,-24.0968,solar.bun_cs1#realenergyintotheload#kwh
2021-02-03,2.595,0.8717,1.7233,sudden_spike,0.3276,solar.bun_dmw#realenergyintotheload#kwh
2021-09-26,2.4898,1.1122,1.3776,sudden_spike,-0.0549,solar.bun_dmw#realenergyintotheload#kwh
2022-10-01,2.9654,0.8599,2.1055,sudden_spike,0.3816,solar.bun_dmw#realenergyintotheload#kwh
2024-02-05,0.2196,1.567,-1.3475,sudden_drop,-0.0418,solar.bun_dmw#realenergyintotheload#kwh
2020-06-29,9.9866,0.7148,9.2718,sudden_spike,0.871,solar.bun_dw#realenergyintotheload#kwh
2021-02-03,2.3295,0.7868,1.5427,sudden_spike,0.1537,solar.bun_dw#realenergyintotheload#kwh
2022-10-01,2.8584,0.9374,1.921,sudden_spike,0.3358,solar.bun_dw#realenergyintotheload#kwh
2020-06-14,6.2107,2.6573,3.5534,step_change_up,4.6564,solar.bun_hs1#realenergyintotheload#kwh
2020-06-15,5.2552,3.3207,1.9345,step_change_up,4.6564,solar.bun_hs1#realenergyintotheload#kwh
2020-06-18,6.3363,4.0388,2.2975,step_change_up,3.9525,solar.bun_hs1#realenergyintotheload#kwh
2020-06-19,6.5469,4.0388,2.5081,step_change_up,3.853,solar.bun_hs1#realenergyintotheload#kwh
2020-06-22,2.553,5.2301,-2.6771,sudden_drop,0.5919,solar.bun_hs1#realenergyintotheload#kwh
2020-06-25,2.7082,4.657,-1.9489,step_change_down,-2.6559,solar.bun_hs1#realenergyintotheload#kwh
2020-06-28,6.878,3.9532,2.9248,step_change_down,-3.1784,solar.bun_hs1#realenergyintotheload#kwh
2020-06-29,6.8387,3.8537,2.985,step_change_down,-3.8271,solar.bun_hs1#realenergyintotheload#kwh
2020-07-01,7.065,3.2492,3.8157,step_change_down,-3.8765,solar.bun_hs1#realenergyintotheload#kwh
2021-02-03,2.3291,0.7452,1.5839,sudden_spike,0.1791,solar.bun_hs1#realenergyintotheload#kwh
2021-11-28,3.0064,0.7293,2.2771,sudden_spike,-0.076,solar.bun_hs1#realenergyintotheload#kwh
2020-06-14,4.9781,2.3442,2.6339,step_change_up,4.0589,solar.bun_hs2#realenergyintotheload#kwh
2020-06-15,4.7556,2.9509,1.8048,step_change_up,4.0574,solar.bun_hs2#realenergyintotheload#kwh
2020-06-18,5.3519,3.549,1.8029,step_change_up,3.5743,solar.bun_hs2#realenergyintotheload#kwh
2020-06-19,5.5161,3.5775,1.9385,step_change_up,3.4255,solar.bun_hs2#realenergyintotheload#kwh
2020-06-22,2.3835,4.6092,-2.2257,sudden_drop,0.5208,solar.bun_hs2#realenergyintotheload#kwh
2020-06-25,2.4478,4.0606,-1.6129,step_change_down,-2.4383,solar.bun_hs2#realenergyintotheload#kwh
2020-06-28,5.7917,3.5775,2.2142,step_change_down,-2.7092,solar.bun_hs2#realenergyintotheload#kwh
2020-06-29,5.8358,3.4288,2.4071,step_change_down,-3.2131,solar.bun_hs2#realenergyintotheload#kwh
2020-07-01,5.9369,2.865,3.0719,step_change_down,-3.3258,solar.bun_hs2#realenergyintotheload#kwh
2021-02-03,2.3295,0.7334,1.5961,sudden_spike,0.1529,solar.bun_hs2#realenergyintotheload#kwh
2021-11-28,3.223,0.7773,2.4456,sudden_spike,0.1289,solar.bun_hs2#realenergyintotheload#kwh
2021-11-29,2.3557,0.7773,1.5784,sudden_spike,0.1289,solar.bun_hs2#realenergyintotheload#kwh
2020-06-14,11.7114,5.1229,6.5886,step_change_up,8.7844,solar.bun_hs3#realenergyintotheload#kwh
2020-06-15,10.214,6.4359,3.7781,step_change_up,8.7844,solar.bun_hs3#realenergyintotheload#kwh
2020-06-18,12.2721,7.7309,4.5412,step_change_up,7.6599,solar.bun_hs3#realenergyintotheload#kwh
2020-06-19,12.619,7.7309,4.8881,step_change_up,7.4848,solar.bun_hs3#realenergyintotheload#kwh
2020-06-20,11.2934,8.6536,2.6398,step_change_up,5.15,solar.bun_hs3#realenergyintotheload#kwh
2020-06-22,5.1118,9.8806,-4.7688,step_change_up,1.2715,solar.bun_hs3#realenergyintotheload#kwh
2020-06-25,5.4371,8.7873,-3.3502,step_change_down,-6.4761,solar.bun_hs3#realenergyintotheload#kwh
2020-06-28,13.2476,7.6628,5.5848,step_change_down,-6.8647,solar.bun_hs3#realenergyintotheload#kwh
2020-06-29,13.3911,7.4877,5.9034,step_change_down,-7.7874,solar.bun_hs3#realenergyintotheload#kwh
2020-07-01,12.4649,6.3944,6.0705,step_change_down,-8.0552,solar.bun_hs3#realenergyintotheload#kwh
2020-07-02,0.9215,3.3328,-2.4113,step_change_down,-8.0552,solar.bun_hs3#realenergyintotheload#kwh
2021-02-03,2.6765,0.7394,1.9371,sudden_spike,0.1212,solar.bun_hs3#realenergyintotheload#kwh
2021-11-28,3.2374,0.8317,2.4057,sudden_spike,0.1365,solar.bun_hs3#realenergyintotheload#kwh
2021-02-03,2.3907,0.6831,1.7076,sudden_spike,0.1733,solar.bun_hsc#realenergyintotheload#kwh
2021-08-21,2.0974,0.8709,1.2265,sudden_spike,0.0211,solar.bun_hsc#realenergyintotheload#kwh
2021-09-26,2.3169,0.9624,1.3545,sudden_spike,-0.1349,solar.bun_hsc#realenergyintotheload#kwh
2022-08-21,2.1482,0.8643,1.284,sudden_spike,-0.0768,solar.bun_hsc#realenergyintotheload#kwh
2022-10-01,3.22,0.8008,2.4192,sudden_spike,0.4063,solar.bun_hsc#realenergyintotheload#kwh
2024-02-05,0.1738,1.2992,-1.1254,sudden_drop,-0.085,solar.bun_hsc#realenergyintotheload#kwh
2024-11-29,2.0426,0.8333,1.2093,sudden_spike,0.4039,solar.bun_hsc#realenergyintotheload#kwh
2020-06-14,4.1729,1.6442,2.5287,step_change_up,3.0884,solar.bun_hu3#realenergyintotheload#kwh
2020-06-18,4.9381,2.4815,2.4566,step_change_up,2.3062,solar.bun_hu3#realenergyintotheload#kwh
2020-06-19,4.7443,2.4815,2.2628,step_change_up,1.9919,solar.bun_hu3#realenergyintotheload#kwh
2020-06-22,1.4576,3.5948,-2.1372,sudden_drop,0.3104,solar.bun_hu3#realenergyintotheload#kwh
2020-06-28,5.3583,2.3065,3.0518,step_change_down,-1.2535,solar.bun_hu3#realenergyintotheload#kwh
2020-06-29,5.4429,1.9922,3.4507,step_change_down,-1.993,solar.bun_hu3#realenergyintotheload#kwh
2020-07-01,5.5089,1.9546,3.5543,step_change_down,-2.1483,solar.bun_hu3#realenergyintotheload#kwh
2021-02-03,3.101,1.0246,2.0763,sudden_spike,-0.1069,solar.bun_hu3#realenergyintotheload#kwh
2022-10-01,2.8777,1.0384,1.8392,sudden_spike,0.4001,solar.bun_hu3#realenergyintotheload#kwh
2020-06-30,3.2386,0.9968,2.2419,sudden_spike,0.8673,solar.bun_library#realenergyintotheload#kwh
2020-07-01,6.6244,0.826,5.7983,sudden_spike,0.8542,solar.bun_library#realenergyintotheload#kwh
2021-02-03,2.554,0.8063,1.7477,sudden_spike,0.1562,solar.bun_library#realenergyintotheload#kwh
2022-10-01,2.8992,0.8872,2.012,sudden_spike,0.3562,solar.bun_library#realenergyintotheload#kwh
2020-06-12,6.41,0.8508,5.5593,step_change_up,5.0746,solar.bun_lims1#realenergyintotheload#kwh
2020-06-13,1.6995,3.422,-1.7225,step_change_up,5.892,solar.bun_lims1#realenergyintotheload#kwh
2020-06-14,7.688,5.7773,1.9108,step_change_up,5.892,solar.bun_lims1#realenergyintotheload#kwh
2020-06-18,7.904,5.7773,2.1267,step_change_up,4.9764,solar.bun_lims1#realenergyintotheload#kwh
2020-06-19,8.0885,5.7773,2.3113,step_change_up,4.0591,solar.bun_lims1#realenergyintotheload#kwh
2020-06-20,7.3899,5.0755,2.3143,sudden_spike,0.8197,solar.bun_lims1#realenergyintotheload#kwh
2020-06-21,2.642,5.8929,-3.2509,step_change_down,-1.5355,solar.bun_lims1#realenergyintotheload#kwh
2020-06-22,3.3861,5.8929,-2.5068,step_change_down,-1.5355,solar.bun_lims1#realenergyintotheload#kwh
2020-06-25,3.6139,5.9454,-2.3316,step_change_down,-4.3967,solar.bun_lims1#realenergyintotheload#kwh
2020-06-28,8.6982,4.9099,3.7883,step_change_down,-4.1543,solar.bun_lims1#realenergyintotheload#kwh
2020-06-29,8.8302,4.2417,4.5884,step_change_down,-5.0339,solar.bun_lims1#realenergyintotheload#kwh
2020-07-01,8.8801,4.2417,4.6384,step_change_down,-4.4074,solar.bun_lims1#realenergyintotheload#kwh
2020-07-02,0.9391,2.559,-1.6199,step_change_down,-5.1558,solar.bun_lims1#realenergyintotheload#kwh
2021-01-23,4.0708,1.0487,3.0221,sudden_spike,-0.2056,solar.bun_lims1#realenergyintotheload#kwh
2021-11-28,2.8924,1.016,1.8764,sudden_spike,0.1724,solar.bun_lims1#realenergyintotheload#kwh
2020-01-11,8.1752,12.4424,-4.2672,sudden_drop,1.5959,solar.bun_ltss_pv_lgcmeter#realenergyintotheload#kwh
2020-01-16,7.575,13.0873,-5.5123,step_change_down,-2.6106,solar.bun_ltss_pv_lgcmeter#realenergyintotheload#kwh
2020-01-20,3.7422,11.7009,-7.9587,step_change_down,-2.8425,solar.bun_ltss_pv_lgcmeter#realenergyintotheload#kwh
2020-01-22,4.602,10.3419,-5.7399,sudden_drop,-1.9538,solar.bun_ltss_pv_lgcmeter#realenergyintotheload#kwh
2020-01-23,4.3117,10.3419,-6.0302,sudden_drop,-1.2714,solar.bun_ltss_pv_lgcmeter#realenergyintotheload#kwh
2020-01-31,7.1088,11.8159,-4.7071,sudden_drop,2.335,solar.bun_ltss_pv_lgcmeter#realenergyintotheload#kwh
2020-02-01,1.4279,11.8159,-10.3879,step_change_up,3.2237,solar.bun_ltss_pv_lgcmeter#realenergyintotheload#kwh
2020-02-04,19.931,12.9594,6.9717,sudden_spike,0.7518,solar.bun_ltss_pv_lgcmeter#realenergyintotheload#kwh
2020-02-07,5.7929,13.5656,-7.7727,step_change_down,-3.3361,solar.bun_ltss_pv_lgcmeter#realenergyintotheload#kwh
2020-02-08,17.7912,13.5656,4.2256,step_change_down,-3.3361,solar.bun_ltss_pv_lgcmeter#realenergyintotheload#kwh
2020-02-10,6.7464,13.4944,-6.748,step_change_down,-4.4796,solar.bun_ltss_pv_lgcmeter#realenergyintotheload#kwh
2020-02-12,7.4496,11.0937,-3.6442,step_change_down,-5.6347,solar.bun_ltss_pv_lgcmeter#realenergyintotheload#kwh
2020-02-13,14.162,9.1344,5.0275,step_change_down,-5.402,solar.bun_ltss_pv_lgcmeter#realenergyintotheload#kwh
2020-02-15,2.3281,8.4797,-6.1516,step_change_down,-4.7566,solar.bun_ltss_pv_lgcmeter#realenergyintotheload#kwh
2020-02-16,13.5631,8.4797,5.0833,step_change_down,-4.7566,solar.bun_ltss_pv_lgcmeter#realenergyintotheload#kwh
2020-02-18,4.3278,8.4797,-4.1519,step_change_down,-2.8039,solar.bun_ltss_pv_lgcmeter#realenergyintotheload#kwh
2020-02-22,18.3447,7.6847,10.6599,sudden_spike,-0.0606,solar.bun_ltss_pv_lgcmeter#realenergyintotheload#kwh
2020-02-23,13.7326,8.809,4.9235,sudden_spike,-0.0606,solar.bun_ltss_pv_lgcmeter#realenergyintotheload#kwh
2020-02-25,4.986,8.809,-3.8231,sudden_drop,1.365,solar.bun_ltss_pv_lgcmeter#realenergyintotheload#kwh
2020-02-29,15.6445,9.2031,6.4414,sudden_spike,1.7999,solar.bun_ltss_pv_lgcmeter#realenergyintotheload#kwh
2020-03-01,13.1589,8.4191,4.7398,sudden_spike,0.2025,solar.bun_ltss_pv_lgcmeter#realenergyintotheload#kwh
2020-03-02,16.3959,8.4191,7.9768,sudden_spike,0.2025,solar.bun_ltss_pv_lgcmeter#realenergyintotheload#kwh
2020-03-04,5.8719,9.8447,-3.9728,sudden_drop,-0.5815,solar.bun_ltss_pv_lgcmeter#realenergyintotheload#kwh
2020-03-05,2.4902,11.5861,-9.0959,sudden_drop,-0.5815,solar.bun_ltss_pv_lgcmeter#realenergyintotheload#kwh
2020-03-08,13.3036,9.4846,3.8189,sudden_spike,0.0519,solar.bun_ltss_pv_lgcmeter#realenergyintotheload#kwh
2020-03-09,13.5273,9.0116,4.5157,sudden_spike,-0.7098,solar.bun_ltss_pv_lgcmeter#realenergyintotheload#kwh
2020-03-10,15.9651,9.0116,6.9535,sudden_spike,-1.4938,solar.bun_ltss_pv_lgcmeter#realenergyintotheload#kwh
2020-03-11,16.1424,9.0116,7.1308,step_change_down,-2.7798,solar.bun_ltss_pv_lgcmeter#realenergyintotheload#kwh
2020-03-13,3.5411,9.0116,-5.4705,step_change_down,-3.7082,solar.bun_ltss_pv_lgcmeter#realenergyintotheload#kwh
2020-03-17,14.0003,7.7093,6.291,sudden_spike,-0.5406,solar.bun_ltss_pv_lgcmeter#realenergyintotheload#kwh
2020-03-18,4.0752,7.7093,-3.6341,sudden_drop,0.0094,solar.bun_ltss_pv_lgcmeter#realenergyintotheload#kwh
2020-03-24,13.0234,8.471,4.5524,sudden_spike,1.1778,solar.bun_ltss_pv_lgcmeter#realenergyintotheload#kwh
2020-03-26,12.9086,9.021,3.8876,sudden_spike,1.8697,solar.bun_ltss_pv_lgcmeter#realenergyintotheload#kwh
2020-03-28,13.8621,9.6762,4.1859,sudden_spike,1.2977,solar.bun_ltss_pv_lgcmeter#realenergyintotheload#kwh
2020-03-29,4.2047,9.6762,-5.4714,sudden_drop,0.536,solar.bun_ltss_pv_lgcmeter#realenergyintotheload#kwh
2020-04-02,4.5474,8.9347,-4.3873,sudden_drop,-0.463,solar.bun_ltss_pv_lgcmeter#realenergyintotheload#kwh
2020-04-05,4.4316,9.007,-4.5754,sudden_drop,-1.1181,solar.bun_ltss_pv_lgcmeter#realenergyintotheload#kwh
2020-04-09,14.1707,8.4791,5.6917,sudden_spike,-0.956,solar.bun_ltss_pv_lgcmeter#realenergyintotheload#kwh
2020-04-19,10.8317,7.0077,3.824,step_change_down,-4.5655,solar.bun_ltss_pv_lgcmeter#realenergyintotheload#kwh
2020-04-23,1.776,5.9656,-4.1896,step_change_down,-4.7738,solar.bun_ltss_pv_lgcmeter#realenergyintotheload#kwh
2020-05-09,1.0361,4.7986,-3.7624,sudden_drop,1.4771,solar.bun_ltss_pv_lgcmeter#realenergyintotheload#kwh
2020-05-15,8.1844,4.517,3.6674,sudden_spike,2.1632,solar.bun_ltss_pv_lgcmeter#realenergyintotheload#kwh
2020-05-17,8.1109,4.517,3.5939,sudden_spike,1.6176,solar.bun_ltss_pv_lgcmeter#realenergyintotheload#kwh
2020-06-09,7.1079,2.6657,4.4422,step_change_down,-4.5842,solar.bun_ltss_pv_lgcmeter#realenergyintotheload#kwh
2020-06-20,5.9789,1.1121,4.8669,step_change_up,4.6733,solar.bun_ltss_pv_lgcmeter#realenergyintotheload#kwh
2020-06-28,9.734,4.6838,5.0503,sudden_spike,-1.2707,solar.bun_ltss_pv_lgcmeter#realenergyintotheload#kwh
2020-06-29,9.8948,4.6838,5.211,sudden_spike,-2.1058,solar.bun_ltss_pv_lgcmeter#realenergyintotheload#kwh
2020-07-01,9.9747,4.4137,5.561,step_change_down,-3.5512,solar.bun_ltss_pv_lgcmeter#realenergyintotheload#kwh
2021-01-23,5.4601,1.3321,4.128,sudden_spike,0.0553,solar.bun_ltss_pv_lgcmeter#realenergyintotheload#kwh
2021-11-28,3.2984,0.9445,2.3538,sudden_spike,0.1768,solar.bun_lwso#realenergyintotheload#kwh
2021-11-29,2.9171,0.9921,1.9249,sudden_spike,0.1768,solar.bun_lwso#realenergyintotheload#kwh
2022-10-01,3.1778,0.8362,2.3416,sudden_spike,0.2289,solar.bun_lwso#realenergyintotheload#kwh
2023-10-04,0.1327,1.2863,-1.1536,sudden_drop,-0.3929,solar.bun_lwso#realenergyintotheload#kwh
2024-02-05,0.1578,1.428,-1.2702,sudden_drop,-0.0664,solar.bun_lwso#realenergyintotheload#kwh
2024-11-29,2.3229,0.943,1.3799,sudden_spike,-0.161,solar.bun_lwso#realenergyintotheload#kwh
2021-02-03,2.2764,0.7206,1.5557,sudden_spike,0.1714,solar.bun_mc#realenergyintotheload#kwh
2021-11-29,2.5082,0.809,1.6992,sudden_spike,0.0041,solar.bun_mc#realenergyintotheload#kwh
2022-04-23,2.3261,1.1061,1.22,sudden_spike,0.0437,solar.bun_mc#realenergyintotheload#kwh
2022-09-22,1.908,0.6148,1.2932,sudden_spike,0.0519,solar.bun_mc#realenergyintotheload#kwh
2022-10-01,2.8075,0.8162,1.9913,sudden_spike,0.2322,solar.bun_mc#realenergyintotheload#kwh
2024-02-05,0.1639,1.4136,-1.2498,sudden_drop,-0.1157,solar.bun_mc#realenergyintotheload#kwh
2020-05-31,7.5301,0.8381,6.692,step_change_up,6.8456,solar.bun_pe#realenergyintotheload#kwh
2020-06-13,1.6741,3.7753,-2.1011,step_change_up,7.8989,solar.bun_pe#realenergyintotheload#kwh
2020-06-14,9.6088,6.7033,2.9056,step_change_up,6.8456,solar.bun_pe#realenergyintotheload#kwh
2020-06-18,10.7563,6.7033,4.0531,step_change_up,5.2877,solar.bun_pe#realenergyintotheload#kwh
2020-06-19,10.9644,6.7033,4.2612,step_change_up,3.7283,solar.bun_pe#realenergyintotheload#kwh
2020-06-20,9.3266,6.8477,2.4789,sudden_spike,0.1991,solar.bun_pe#realenergyintotheload#kwh
2020-06-22,3.4433,7.901,-4.4576,step_change_down,-2.7289,solar.bun_pe#realenergyintotheload#kwh
2020-06-25,3.9411,6.9297,-2.9885,step_change_down,-5.297,solar.bun_pe#realenergyintotheload#kwh
2020-06-28,11.7255,5.2897,6.4358,step_change_down,-5.7586,solar.bun_pe#realenergyintotheload#kwh
2020-06-29,11.9351,4.5664,7.3687,step_change_down,-6.0042,solar.bun_pe#realenergyintotheload#kwh
2020-07-01,12.0289,3.9744,8.0545,step_change_down,-6.139,solar.bun_pe#realenergyintotheload#kwh
2021-11-28,3.291,0.8482,2.4428,sudden_spike,0.1214,solar.bun_pe#realenergyintotheload#kwh
2022-10-01,3.0732,0.8551,2.2182,sudden_spike,0.333,solar.bun_pe#realenergyintotheload#kwh
2020-06-14,6.7603,3.1573,3.603,step_change_up,5.6979,solar.bun_ps2#realenergyintotheload#kwh
2020-06-15,6.8133,3.9506,2.8627,step_change_up,5.6979,solar.bun_ps2#realenergyintotheload#kwh
2020-06-17,6.3924,4.8338,1.5586,step_change_up,4.9905,solar.bun_ps2#realenergyintotheload#kwh
2020-06-18,7.6352,4.8338,2.8014,step_change_up,4.7389,solar.bun_ps2#realenergyintotheload#kwh
2020-06-19,7.8868,4.8338,3.0529,step_change_up,4.318,solar.bun_ps2#realenergyintotheload#kwh
2020-06-22,3.2387,6.5764,-3.3377,sudden_drop,0.664,solar.bun_ps2#realenergyintotheload#kwh
2020-06-25,3.5069,5.6988,-2.1919,step_change_down,-3.4948,solar.bun_ps2#realenergyintotheload#kwh
2020-06-26,4.1356,5.6988,-1.5632,step_change_down,-3.6528,solar.bun_ps2#realenergyintotheload#kwh
2020-06-28,8.3127,4.7398,3.5729,step_change_down,-3.9236,solar.bun_ps2#realenergyintotheload#kwh
2020-06-29,8.2257,4.3188,3.9069,step_change_down,-4.8367,solar.bun_ps2#realenergyintotheload#kwh
2020-07-01,8.4744,3.8212,4.6532,step_change_down,-4.9213,solar.bun_ps2#realenergyintotheload#kwh
2020-07-02,0.9147,2.4761,-1.5614,step_change_down,-4.963,solar.bun_ps2#realenergyintotheload#kwh
2021-02-03,2.3447,0.8371,1.5076,sudden_spike,0.0428,solar.bun_ps2#realenergyintotheload#kwh
2021-11-28,2.7308,0.9452,1.7855,sudden_spike,0.101,solar.bun_ps2#realenergyintotheload#kwh
2022-10-01,2.6802,0.9952,1.6849,sudden_spike,0.3201,solar.bun_ps2#realenergyintotheload#kwh
2020-06-14,10.4558,4.2238,6.2319,step_change_up,8.1217,solar.bun_pw#realenergyintotheload#kwh
2020-06-15,9.7315,5.2651,4.4664,step_change_up,8.202,solar.bun_pw#realenergyintotheload#kwh
2020-06-17,9.892,6.4526,3.4394,step_change_up,6.4626,solar.bun_pw#realenergyintotheload#kwh
2020-06-18,12.8334,6.4526,6.3808,step_change_up,6.1237,solar.bun_pw#realenergyintotheload#kwh
2020-06-19,13.1568,6.4526,6.7042,step_change_up,5.5316,solar.bun_pw#realenergyintotheload#kwh
2020-06-20,11.434,8.1224,3.3115,step_change_up,3.9021,solar.bun_pw#realenergyintotheload#kwh
2020-06-22,4.1384,9.8118,-5.6734,sudden_drop,0.7065,solar.bun_pw#realenergyintotheload#kwh
2020-06-25,4.6318,8.2027,-3.5709,step_change_down,-5.0494,solar.bun_pw#realenergyintotheload#kwh
2020-06-28,14.0349,6.1244,7.9105,step_change_down,-5.5384,solar.bun_pw#realenergyintotheload#kwh
2020-06-29,14.2642,5.5323,8.7319,step_change_down,-7.2663,solar.bun_pw#realenergyintotheload#kwh
2020-07-01,14.4452,4.9304,9.5148,step_change_down,-7.3223,solar.bun_pw#realenergyintotheload#kwh
2022-10-01,3.2722,0.8811,2.3911,sudden_spike,0.38,solar.bun_pw#realenergyintotheload#kwh
2020-03-24,7.0185,2.7284,4.2902,sudden_spike,,solar.bun_rd1#realenergyintotheload#kwh
2020-03-30,5.637,2.858,2.779,sudden_spike,-1.0591,solar.bun_rd1#realenergyintotheload#kwh
2020-04-04,2.0163,4.2074,-2.1911,step_change_down,-1.8169,solar.bun_rd1#realenergyintotheload#kwh
2020-04-05,1.8171,4.601,-2.7838,sudden_drop,-0.3015,solar.bun_rd1#realenergyintotheload#kwh
2020-04-09,7.0449,3.8143,3.2306,sudden_spike,0.5424,solar.bun_rd1#realenergyintotheload#kwh
2020-04-18,1.7779,3.8783,-2.1004,sudden_drop,0.0436,solar.bun_rd1#realenergyintotheload#kwh
2020-04-24,6.8224,3.6056,3.2169,sudden_spike,-0.6126,solar.bun_rd1#realenergyintotheload#kwh
2020-04-27,6.2536,3.8579,2.3957,sudden_spike,-0.9107,solar.bun_rd1#realenergyintotheload#kwh
2020-05-04,1.1836,3.3925,-2.2089,sudden_drop,-0.2149,solar.bun_rd1#realenergyintotheload#kwh
2020-05-05,6.5392,3.2657,3.2735,sudden_spike,0.0139,solar.bun_rd1#realenergyintotheload#kwh
2020-05-09,0.9369,3.2657,-2.3288,sudden_drop,-0.3843,solar.bun_rd1#realenergyintotheload#kwh
2020-06-13,0.7656,3.3907,-2.6251,sudden_drop,-0.2337,solar.bun_rd1#realenergyintotheload#kwh
2020-06-28,5.2251,2.2539,2.9712,step_change_down,-1.6833,solar.bun_rd1#realenergyintotheload#kwh
2020-06-29,5.2899,2.0877,3.2023,step_change_down,-2.2175,solar.bun_rd1#realenergyintotheload#kwh
2020-07-01,5.3738,1.836,3.5379,step_change_down,-1.8402,solar.bun_rd1#realenergyintotheload#kwh
2020-03-24,6.4787,2.48,3.9988,step_change_up,1.4297,solar.bun_rd2#realenergyintotheload#kwh
2020-03-30,5.2873,2.6425,2.6449,sudden_spike,1.0124,solar.bun_rd2#realenergyintotheload#kwh
2020-04-03,5.5099,3.1322,2.3778,sudden_spike,1.0124,solar.bun_rd2#realenergyintotheload#kwh
2020-04-05,1.719,3.9849,-2.2659,sudden_drop,1.1157,solar.bun_rd2#realenergyintotheload#kwh
2020-04-09,6.119,3.5677,2.5513,sudden_spike,0.9412,solar.bun_rd2#realenergyintotheload#kwh
2020-04-18,1.6965,3.5814,-1.8849,sudden_drop,-0.1011,solar.bun_rd2#realenergyintotheload#kwh
2020-04-24,6.2474,3.2893,2.9581,sudden_spike,-0.7164,solar.bun_rd2#realenergyintotheload#kwh
2020-04-27,5.7664,3.4666,2.2998,sudden_spike,-0.8453,solar.bun_rd2#realenergyintotheload#kwh
2020-05-04,1.1236,3.1887,-2.0651,sudden_drop,-0.3555,solar.bun_rd2#realenergyintotheload#kwh
2020-05-05,5.6756,2.9546,2.721,sudden_spike,-0.1731,solar.bun_rd2#realenergyintotheload#kwh
2020-05-09,0.8923,2.9546,-2.0623,sudden_drop,-0.4888,solar.bun_rd2#realenergyintotheload#kwh
2020-06-13,0.7112,2.9338,-2.2226,sudden_drop,-0.283,solar.bun_rd2#realenergyintotheload#kwh
2020-06-28,3.9763,2.0756,1.9007,step_change_down,-1.4916,solar.bun_rd2#realenergyintotheload#kwh
2020-06-29,3.9331,1.8336,2.0996,step_change_down,-1.9009,solar.bun_rd2#realenergyintotheload#kwh
2020-07-01,4.1338,1.5644,2.5694,step_change_down,-1.6336,solar.bun_rd2#realenergyintotheload#kwh
2022-10-01,2.8574,0.9683,1.8891,sudden_spike,0.4122,solar.bun_rd2#realenergyintotheload#kwh
2020-06-14,8.4374,3.6745,4.7629,step_change_up,6.3483,solar.bun_rlr#realenergyintotheload#kwh
2020-06-15,7.3454,4.6117,2.7337,step_change_up,6.3483,solar.bun_rlr#realenergyintotheload#kwh
2020-06-18,8.5359,5.5408,2.9951,step_change_up,5.4342,solar.bun_rlr#realenergyintotheload#kwh
2020-06-19,9.0671,5.5408,3.5263,step_change_up,5.3687,solar.bun_rlr#realenergyintotheload#kwh
2020-06-20,8.2231,6.3191,1.904,step_change_up,3.6767,solar.bun_rlr#realenergyintotheload#kwh
2020-06-22,3.5938,7.177,-3.5832,sudden_drop,0.8622,solar.bun_rlr#realenergyintotheload#kwh
2020-06-25,3.7523,6.349,-2.5966,step_change_down,-4.2983,solar.bun_rlr#realenergyintotheload#kwh
2020-06-28,9.162,5.4348,3.7272,step_change_down,-4.5828,solar.bun_rlr#realenergyintotheload#kwh
2020-06-29,9.461,5.3693,4.0917,step_change_down,-5.4363,solar.bun_rlr#realenergyintotheload#kwh
2020-07-01,9.848,4.5367,5.3113,step_change_down,-5.5545,solar.bun_rlr#realenergyintotheload#kwh
2021-02-03,2.346,0.7228,1.6232,sudden_spike,0.135,solar.bun_rlr#realenergyintotheload#kwh
2020-06-14,7.1123,3.1363,3.976,step_change_up,5.4193,solar.bun_sw#realenergyintotheload#kwh
2020-06-15,6.4119,3.8914,2.5205,step_change_up,5.4193,solar.bun_sw#realenergyintotheload#kwh
2020-06-18,7.7309,4.6177,3.1131,step_change_up,4.4594,solar.bun_sw#realenergyintotheload#kwh
2020-06-19,7.8165,4.6177,3.1987,step_change_up,4.109,solar.bun_sw#realenergyintotheload#kwh
2020-06-20,6.9279,5.3744,1.5535,step_change_up,2.8516,solar.bun_sw#realenergyintotheload#kwh
2020-06-22,3.0897,6.2338,-3.1441,sudden_drop,0.5062,solar.bun_sw#realenergyintotheload#kwh
2020-06-25,3.4435,5.4216,-1.9781,step_change_down,-3.2629,solar.bun_sw#realenergyintotheload#kwh
2020-06-28,8.3072,4.4617,3.8455,step_change_down,-3.7299,solar.bun_sw#realenergyintotheload#kwh
2020-06-29,8.4086,4.1113,4.2973,step_change_down,-4.5401,solar.bun_sw#realenergyintotheload#kwh
2020-07-01,8.4829,3.6425,4.8404,step_change_down,-4.6472,solar.bun_sw#realenergyintotheload#kwh
2020-07-02,0.8931,2.4901,-1.597,step_change_down,-4.6768,solar.bun_sw#realenergyintotheload#kwh
2022-10-01,2.3595,0.8355,1.524,sudden_spike,0.2798,solar.bun_sw#realenergyintotheload#kwh
2020-06-14,12.2484,6.372,5.8764,step_change_up,11.4854,solar.bun_tlc#realenergyintotheload#kwh
2020-06-15,13.1742,8.1046,5.0696,step_change_up,11.4854,solar.bun_tlc#realenergyintotheload#kwh
2020-06-17,12.5708,9.8534,2.7174,step_change_up,10.3957,solar.bun_tlc#realenergyintotheload#kwh
2020-06-18,13.1337,9.8534,3.2803,step_change_up,9.9909,solar.bun_tlc#realenergyintotheload#kwh
2020-06-19,13.703,10.0042,3.6987,step_change_up,8.7699,solar.bun_tlc#realenergyintotheload#kwh
2020-06-22,6.9115,12.4096,-5.4981,step_change_up,1.4809,solar.bun_tlc#realenergyintotheload#kwh
2020-06-25,7.7562,11.4899,-3.7338,step_change_down,-8.6552,solar.bun_tlc#realenergyintotheload#kwh
2020-06-26,7.9496,11.4899,-3.5404,step_change_down,-8.8004,solar.bun_tlc#realenergyintotheload#kwh
2020-06-28,14.1823,9.9954,4.1868,step_change_down,-9.2232,solar.bun_tlc#realenergyintotheload#kwh
2020-06-29,13.9976,8.7745,5.2231,step_change_down,-10.5614,solar.bun_tlc#realenergyintotheload#kwh
2020-06-30,10.3915,7.8529,2.5386,step_change_down,-11.6422,solar.bun_tlc#realenergyintotheload#kwh
2020-07-01,14.7264,7.8529,6.8735,step_change_down,-10.7628,solar.bun_tlc#realenergyintotheload#kwh
2020-07-02,0.7739,4.5279,-3.754,step_change_down,-10.8214,solar.bun_tlc#realenergyintotheload#kwh
2022-10-01,2.8095,0.7262,2.0833,sudden_spike,0.2854,solar.bun_tlc#realenergyintotheload#kwh
2021-02-03,2.1729,0.7019,1.4711,sudden_spike,0.1298,solar.bun_union#realenergyintotheload#kwh
2021-09-26,2.1638,0.9933,1.1705,sudden_spike,-0.0546,solar.bun_union#realenergyintotheload#kwh
2021-10-14,2.2924,1.1021,1.1903,sudden_spike,-0.3492,solar.bun_union#realenergyintotheload#kwh
2022-10-01,3.117,0.9545,2.1624,sudden_spike,0.2493,solar.bun_union#realenergyintotheload#kwh
2023-10-04,0.1425,1.3201,-1.1776,sudden_drop,-0.3781,solar.bun_union#realenergyintotheload#kwh
2024-02-05,0.1801,1.3488,-1.1686,sudden_drop,-0.1126,solar.bun_union#realenergyintotheload#kwh
2024-11-29,2.1899,0.9482,1.2417,sudden_spike,0.1885,solar.bun_union#realenergyintotheload#kwh
2020-06-14,6.5267,2.9026,3.6241,step_change_up,5.1423,solar.bun_wlt#realenergyintotheload#kwh
2020-06-15,5.4455,3.7122,1.7333,step_change_up,5.2028,solar.bun_wlt#realenergyintotheload#kwh
2020-06-18,6.535,4.3672,2.1678,step_change_up,4.4464,solar.bun_wlt#realenergyintotheload#kwh
2020-06-19,6.3918,4.448,1.9438,step_change_up,4.355,solar.bun_wlt#realenergyintotheload#kwh
2020-06-22,3.203,5.506,-2.3031,sudden_drop,0.8582,solar.bun_wlt#realenergyintotheload#kwh
2020-06-25,3.2458,5.2043,-1.9585,step_change_down,-2.8988,solar.bun_wlt#realenergyintotheload#kwh
2020-06-28,6.6105,4.448,2.1625,step_change_down,-3.4158,solar.bun_wlt#realenergyintotheload#kwh
2020-06-29,6.6144,4.3566,2.2578,step_change_down,-4.0397,solar.bun_wlt#realenergyintotheload#kwh
2020-07-01,6.8715,3.7608,3.1107,step_change_down,-4.3238,solar.bun_wlt#realenergyintotheload#kwh
2021-02-03,2.4526,0.812,1.6405,sudden_spike,0.1522,solar.bun_wlt#realenergyintotheload#kwh
2021-11-29,2.4759,0.8381,1.6379,sudden_spike,0.1317,solar.bun_wlt#realenergyintotheload#kwh
