date,HS,HR,GAP,ActEnergy,SimEnergy,N_pts,HS_ref,HR_ref,ΔHS,ΔHR,Lost_kWh
2025-08-15,0.0,0.0,-20.219417,77.0,128.743860156,23,,,,,128.743860156
2025-08-16,0.0,0.0,-44.749239,0.0,212.79849511,21,,,,,212.79849511
2025-08-17,0.0,0.0,-35.9536005,470.375,151.617549316,21,,,,,151.617549316
2025-08-18,0.0,0.0,-41.636996999999994,260.25,156.78837548,21,,,,,156.78837548
2025-08-19,0.0,0.0,-52.303415,761.875,255.8162187,21,,,,,255.8162187
2025-08-20,0.0,0.0,-56.0857525,0.0,256.31011715,24,,,,,256.31011715
2025-08-21,0.0,0.0,-47.15101249999999,791.5,249.169270701,26,,,,,249.169270701
2025-08-22,0.0,0.0,-22.7522963,488.0,161.992492646,22,,,,,161.992492646
2025-08-23,0.0,0.0,-38.7265223,604.75,211.326694,22,,,,,211.326694
2025-08-24,1.3840391133144192,0.2851508059958622,-62.551312499999995,817.25,264.57988570000003,22,0.0,0.0,1.3840391133144192,0.2851508059958622,-101.60902470505839
2025-08-25,0.0,0.0,-48.90123,531.625,197.143167689,23,0.0,0.0,0.0,0.0,197.143167689
2025-08-26,0.0,0.0,-17.8816883,123.625,81.91025243,22,0.0,0.0,0.0,0.0,81.91025243
2025-08-27,0.0,0.0,-33.943667000000005,0.0,160.85368344,21,0.0,0.0,0.0,0.0,160.85368344
2025-08-28,0.0,0.0,-35.7279415,0.0,223.52196648,22,0.0,0.0,0.0,0.0,223.52196648
2025-08-29,0.0,0.0,-25.599630499999996,487.0,125.55288786,21,0.0,0.0,0.0,0.0,125.55288786
2025-08-30,0.0,0.0,-32.586964,0.0,182.3298698,21,0.0,0.0,0.0,0.0,182.3298698
2025-08-31,0.0,0.0,-39.1241905,0.0,187.12789188,22,0.0,0.0,0.0,0.0,187.12789188
2025-09-01,0.0,0.0,-44.951943,471.25,225.6968361,21,0.0,0.0,0.0,0.0,225.6968361
2025-09-02,1.148989127351009,0.18513532914792122,-36.890698,566.625,217.74787032,22,0.0,0.0,1.148989127351009,0.18513532914792122,-32.4420651815175
2025-09-03,0.0,0.0,-37.4944244,0.0,215.42050523,25,0.0,0.0,0.0,0.0,215.42050523
2025-09-04,0.0,0.0,-36.439247,0.0,193.051756533,23,0.0,0.0,0.0,0.0,193.051756533
2025-09-05,0.0,0.0,-60.977546000000004,0.0,296.106560193,24,0.0,0.0,0.0,0.0,296.106560193
2025-09-06,0.0,0.0,-45.724204,0.0,277.20322241499997,24,0.0,0.0,0.0,0.0,277.20322241499997
2025-09-07,1.2678955791004427,0.10436404516708891,-26.873717649999996,342.75,121.77253584,22,0.0,0.0,1.2678955791004427,0.10436404516708891,-32.62232400738622
2025-09-08,1.777156667051575,0.2778724149473663,-36.438506000000004,762.625,213.11920852,23,0.0,0.0,1.777156667051575,0.2778724149473663,-165.62701377807284
2025-09-09,0.5915493064391988,0.21314468380497703,-36.6632524,517.625,187.44905693,23,0.0,0.0,0.5915493064391988,0.21314468380497703,76.56369731037661
2025-09-10,0.0,0.0,-27.6829885,0.0,141.33225168,23,0.0,0.0,0.0,0.0,141.33225168
2025-09-11,2.0194190069907494,0.4514717458574636,-35.21624,649.125,210.49450262,23,0.0,0.0,2.0194190069907494,0.4514717458574636,-210.49450262
2025-09-12,0.0,0.0,-43.176144,100.0,233.58257701,23,0.0,0.0,0.0,0.0,233.58257701
2025-09-13,0.0,0.0,-37.7462765,0.0,219.754476085,23,0.0,0.0,0.0,0.0,219.754476085
2025-09-14,0.0,0.0,-61.12511149999999,0.0,312.40380571,26,0.0,0.0,0.0,0.0,312.40380571
2025-09-15,0.0,0.0,-31.9138745,0.0,311.44582697,30,0.0,0.0,0.0,0.0,311.44582697
2025-09-16,0.0,0.0,-27.27209925,0.0,160.76008538,30,0.0,0.0,0.0,0.0,160.76008538
2025-09-17,0.0,0.0,-50.844790849999995,0.0,246.568467248,26,0.0,0.0,0.0,0.0,246.568467248
2025-09-18,0.0,0.0,-59.82967350000001,0.0,314.6665012,24,0.0,0.0,0.0,0.0,314.6665012
2025-09-19,0.0,0.0,-15.087784000000001,0.0,303.565976732,41,0.0,0.0,0.0,0.0,303.565976732
2025-09-20,0.0,0.0,-43.5840415,0.0,237.15433986,24,0.0,0.0,0.0,0.0,237.15433986
2025-09-21,0.0,0.0,-29.886281299999997,0.0,138.38945741,23,0.0,0.0,0.0,0.0,138.38945741
2025-09-22,0.0,0.0,-44.094661,0.0,259.227482,23,0.0,0.0,0.0,0.0,259.227482
2025-09-23,0.0,0.0,-51.242973500000005,0.0,240.57189618,24,0.0,0.0,0.0,0.0,240.57189618
2025-09-24,0.0,0.0,-36.7270473,0.0,177.52842322,23,0.0,0.0,0.0,0.0,177.52842322
2025-09-25,0.0,0.0,-37.0465517,0.0,160.34192132,23,0.0,0.0,0.0,0.0,160.34192132
2025-09-26,0.0,0.0,-35.4228164,0.0,163.470370164,24,0.0,0.0,0.0,0.0,163.470370164
2025-09-27,0.0,0.0,-51.048431,0.0,320.57316798,25,0.0,0.0,0.0,0.0,320.57316798
2025-09-28,0.0,0.0,-43.54681050000001,0.0,280.255360842,28,0.0,0.0,0.0,0.0,280.255360842
2025-09-29,0.0,0.0,-59.176415,0.0,326.606343148,27,0.0,0.0,0.0,0.0,326.606343148
2025-09-30,0.0,0.0,-24.0500546,0.0,217.211192215,33,0.0,0.0,0.0,0.0,217.211192215
2025-10-01,0.0,0.0,-41.6343145,0.0,228.167879114,26,0.0,0.0,0.0,0.0,228.167879114
2025-10-02,0.0,0.0,-42.97316285,0.0,186.30319118,24,0.0,0.0,0.0,0.0,186.30319118
2025-10-03,0.0,0.0,-36.92336665,0.0,190.358500396,26,0.0,0.0,0.0,0.0,190.358500396
2025-10-04,0.0,0.0,-65.34331,0.0,358.981529468,26,0.0,0.0,0.0,0.0,358.981529468
2025-10-05,0.0,0.0,-37.687356,0.0,151.596374844,25,0.0,0.0,0.0,0.0,151.596374844
2025-10-06,0.0,0.0,-48.338542,0.0,231.637546806,25,0.0,0.0,0.0,0.0,231.637546806
2025-10-07,0.0,0.0,-81.71355500000001,0.0,363.16559229,25,0.0,0.0,0.0,0.0,363.16559229
2025-10-08,0.0,0.0,-52.143477000000004,0.0,289.80286866800003,28,0.0,0.0,0.0,0.0,289.80286866800003
2025-10-09,0.0,0.0,-59.08763900000001,0.0,335.275969564,27,0.0,0.0,0.0,0.0,335.275969564
2025-10-10,0.0,0.0,-40.969036,0.0,240.66672508,29,0.0,0.0,0.0,0.0,240.66672508
2025-10-11,0.0,0.0,-59.352492,0.0,304.144418826,25,0.0,0.0,0.0,0.0,304.144418826
2025-10-12,0.0,0.0,-38.602433000000005,0.0,209.52303637,25,0.0,0.0,0.0,0.0,209.52303637
2025-10-13,0.0,0.0,-62.58496,0.0,377.97534693,29,0.0,0.0,0.0,0.0,377.97534693
2025-10-14,0.0,0.0,-63.77957,0.0,362.956300893,28,0.0,0.0,0.0,0.0,362.956300893
2025-10-15,0.0,0.0,-89.059899,0.0,405.54622813,26,0.0,0.0,0.0,0.0,405.54622813
2025-10-16,0.0,0.0,-67.3069655,0.0,338.567331616,26,0.0,0.0,0.0,0.0,338.567331616
2025-10-17,0.0,0.0,-49.5568225,0.0,277.43082958,26,0.0,0.0,0.0,0.0,277.43082958
2025-10-18,0.0,0.0,-53.7648885,0.0,391.06759988,32,0.0,0.0,0.0,0.0,391.06759988
2025-10-19,0.0,0.0,-5.34372109,0.0,144.375618324,42,0.0,0.0,0.0,0.0,144.375618324
2025-10-20,0.0,0.0,-38.282427,0.0,157.90088863,25,0.0,0.0,0.0,0.0,157.90088863
2025-10-21,0.0,0.0,-46.592269,0.0,256.06402981,25,0.0,0.0,0.0,0.0,256.06402981
2025-10-22,0.0,0.0,-46.900701,0.0,224.5380415,25,0.0,0.0,0.0,0.0,224.5380415
2025-10-23,0.0,0.0,-57.542047,0.0,276.36203186,26,0.0,0.0,0.0,0.0,276.36203186
2025-10-24,0.0,0.0,-54.594449999999995,0.0,334.440944621,30,0.0,0.0,0.0,0.0,334.440944621
2025-10-25,0.0,0.0,-36.014579999999995,0.0,258.659082319,30,0.0,0.0,0.0,0.0,258.659082319
2025-10-26,0.0,0.0,-35.6694315,0.0,195.97541127,26,0.0,0.0,0.0,0.0,195.97541127
