season,n_events,avg_recovery_pct,median_recovery_pct,avg_soiling_loss_pct,avg_dry_days,avg_soiling_rate,meter,meter_short
Autumn,8,-8.6763,-6.04,-334.1988,8.5,-0.5897,solar.bun_bg#realenergyintotheload#kwh,bun_bg
Spring,9,-12.5311,-12.61,-19.8589,7.1111,1.9541,solar.bun_bg#realenergyintotheload#kwh,bun_bg
Summer,11,-18.1782,-13.79,-26.9491,12.0909,0.9751,solar.bun_bg#realenergyintotheload#kwh,bun_bg
Winter,1,-39.99,-39.99,0.0,6.0,,solar.bun_bg#realenergyintotheload#kwh,bun_bg
Autumn,6,6.1117,0.315,2.65,7.8333,-0.4112,solar.bun_carm1#realenergyintotheload#kwh,bun_carm1
Spring,9,-10.1578,-11.89,-17.0967,7.1111,2.4037,solar.bun_carm1#realenergyintotheload#kwh,bun_carm1
Summer,12,-13.8883,-9.09,-9.8217,11.5,0.8429,solar.bun_carm1#realenergyintotheload#kwh,bun_carm1
Winter,1,-37.08,-37.08,0.0,6.0,2.3178,solar.bun_carm1#realenergyintotheload#kwh,bun_carm1
Autumn,7,9.57,3.14,1.7343,8.0,-1.2302,solar.bun_carm2#realenergyintotheload#kwh,bun_carm2
Spring,9,-9.7922,-6.15,-15.9822,7.0,2.8329,solar.bun_carm2#realenergyintotheload#kwh,bun_carm2
Summer,12,-15.1092,-9.36,-13.9033,11.5,1.2428,solar.bun_carm2#realenergyintotheload#kwh,bun_carm2
Winter,1,-43.49,-43.49,0.0,6.0,3.5337,solar.bun_carm2#realenergyintotheload#kwh,bun_carm2
Autumn,8,2.545,-3.655,-6.9288,8.25,-0.1403,solar.bun_cs1#realenergyintotheload#kwh,bun_cs1
Spring,10,-14.587,-16.685,-29.672,7.1,1.5716,solar.bun_cs1#realenergyintotheload#kwh,bun_cs1
Summer,11,-18.7782,-15.04,-26.9,12.0909,0.6542,solar.bun_cs1#realenergyintotheload#kwh,bun_cs1
Winter,1,-42.68,-42.68,0.0,5.0,1.0832,solar.bun_cs1#realenergyintotheload#kwh,bun_cs1
Autumn,6,9.685,7.265,1.1083,7.6667,-1.9971,solar.bun_dmw#realenergyintotheload#kwh,bun_dmw
Spring,10,-24.511,-17.705,-18.563,7.1,5.0198,solar.bun_dmw#realenergyintotheload#kwh,bun_dmw
Summer,11,-14.0618,-13.13,-31.9418,9.8182,2.9926,solar.bun_dmw#realenergyintotheload#kwh,bun_dmw
Winter,1,-43.03,-43.03,0.0,5.0,4.1259,solar.bun_dmw#realenergyintotheload#kwh,bun_dmw
Autumn,6,5.745,-4.11,-2.2383,7.5,-1.462,solar.bun_dw#realenergyintotheload#kwh,bun_dw
Spring,9,-11.8456,-14.58,-26.8289,8.7778,5.0456,solar.bun_dw#realenergyintotheload#kwh,bun_dw
Summer,11,-10.8109,-10.75,-12.7664,12.0,2.5402,solar.bun_dw#realenergyintotheload#kwh,bun_dw
Winter,1,-40.36,-40.36,0.0,6.0,5.1504,solar.bun_dw#realenergyintotheload#kwh,bun_dw
Autumn,6,9.8733,10.265,1.135,7.6667,-0.8563,solar.bun_hs1#realenergyintotheload#kwh,bun_hs1
Spring,10,-16.415,-19.52,-28.427,7.1,2.5971,solar.bun_hs1#realenergyintotheload#kwh,bun_hs1
Summer,11,-17.7264,-15.7,-22.4036,12.0909,1.0475,solar.bun_hs1#realenergyintotheload#kwh,bun_hs1
Winter,1,-41.71,-41.71,0.0,6.0,1.8638,solar.bun_hs1#realenergyintotheload#kwh,bun_hs1
Autumn,8,1.9012,-9.46,-148.9662,7.875,-0.2365,solar.bun_hs2#realenergyintotheload#kwh,bun_hs2
Spring,9,-12.6056,-15.25,-29.1489,7.1111,1.2746,solar.bun_hs2#realenergyintotheload#kwh,bun_hs2
Summer,11,-17.5745,-14.41,-25.8309,12.0909,0.5308,solar.bun_hs2#realenergyintotheload#kwh,bun_hs2
Winter,1,-37.54,-37.54,0.0,6.0,1.0252,solar.bun_hs2#realenergyintotheload#kwh,bun_hs2
Autumn,8,3.83,-5.155,-0.89,7.875,-0.2268,solar.bun_hs3#realenergyintotheload#kwh,bun_hs3
Spring,9,-12.2456,-14.02,-18.4656,7.1111,2.0563,solar.bun_hs3#realenergyintotheload#kwh,bun_hs3
Summer,11,-15.09,-12.99,-22.9755,12.0909,0.9575,solar.bun_hs3#realenergyintotheload#kwh,bun_hs3
Winter,1,-36.02,-36.02,0.0,6.0,0.9513,solar.bun_hs3#realenergyintotheload#kwh,bun_hs3
Autumn,7,0.0557,-4.95,-3.2457,7.5714,-0.1769,solar.bun_hsc#realenergyintotheload#kwh,bun_hsc
Spring,10,-12.654,-15.37,-29.326,7.1,1.774,solar.bun_hsc#realenergyintotheload#kwh,bun_hsc
Summer,12,-17.6483,-8.85,-10.8783,11.4167,0.4062,solar.bun_hsc#realenergyintotheload#kwh,bun_hsc
Winter,1,-38.88,-38.88,0.0,12.0,,solar.bun_hsc#realenergyintotheload#kwh,bun_hsc
Autumn,9,4.3733,-1.62,-12.53,8.1111,0.8538,solar.bun_hu3#realenergyintotheload#kwh,bun_hu3
Spring,10,-15.658,-16.77,-19.561,7.1,2.4852,solar.bun_hu3#realenergyintotheload#kwh,bun_hu3
Summer,11,-14.1173,-13.35,-35722.9973,10.8182,1.0522,solar.bun_hu3#realenergyintotheload#kwh,bun_hu3
Winter,1,-48.63,-48.63,0.0,11.0,2.4117,solar.bun_hu3#realenergyintotheload#kwh,bun_hu3
Autumn,7,-1.7843,-9.54,-20.7843,10.5714,1.4842,solar.bun_library#realenergyintotheload#kwh,bun_library
Spring,10,-12.639,-14.75,-28.149,7.1,13.2498,solar.bun_library#realenergyintotheload#kwh,bun_library
Summer,10,-10.577,-14.67,-20.791,11.7,4.7449,solar.bun_library#realenergyintotheload#kwh,bun_library
Autumn,6,8.1533,4.505,0.98,7.8333,-0.1493,solar.bun_lims1#realenergyintotheload#kwh,bun_lims1
Spring,9,-11.6967,-11.76,-18.6856,7.1111,1.0273,solar.bun_lims1#realenergyintotheload#kwh,bun_lims1
Summer,11,-16.0573,-11.43,-35.1673,12.0909,0.5113,solar.bun_lims1#realenergyintotheload#kwh,bun_lims1
Winter,1,-36.62,-36.62,0.0,6.0,0.3638,solar.bun_lims1#realenergyintotheload#kwh,bun_lims1
Autumn,9,-11.9967,-17.45,-21.1156,7.7778,9.0107,solar.bun_ltss_pv_lgcmeter#realenergyintotheload#kwh,bun_ltss_pv_lgcmeter
Spring,11,-2.9345,-0.87,-5.9373,6.8182,7.8702,solar.bun_ltss_pv_lgcmeter#realenergyintotheload#kwh,bun_ltss_pv_lgcmeter
Summer,13,-15.7354,-5.1,-91.7408,11.2308,4.6662,solar.bun_ltss_pv_lgcmeter#realenergyintotheload#kwh,bun_ltss_pv_lgcmeter
Winter,1,-99.41,-99.41,0.0,6.0,,solar.bun_ltss_pv_lgcmeter#realenergyintotheload#kwh,bun_ltss_pv_lgcmeter
Autumn,6,-0.9683,-13.765,0.23,7.8333,-0.1039,solar.bun_lwso#realenergyintotheload#kwh,bun_lwso
Spring,8,-12.6725,-16.525,-21.8925,6.875,0.4096,solar.bun_lwso#realenergyintotheload#kwh,bun_lwso
Summer,9,-18.4089,-8.95,-14.4511,11.6667,0.1983,solar.bun_lwso#realenergyintotheload#kwh,bun_lwso
Winter,1,-35.29,-35.29,0.0,6.0,0.6126,solar.bun_lwso#realenergyintotheload#kwh,bun_lwso
Autumn,8,14.5088,-0.71,-0.3538,7.75,-0.1327,solar.bun_mc#realenergyintotheload#kwh,bun_mc
Spring,9,-13.8111,-17.31,-31.6922,7.1111,1.3136,solar.bun_mc#realenergyintotheload#kwh,bun_mc
Summer,12,-20.3383,-10.39,-16.2375,11.5,0.4668,solar.bun_mc#realenergyintotheload#kwh,bun_mc
Winter,1,-45.97,-45.97,0.0,11.0,,solar.bun_mc#realenergyintotheload#kwh,bun_mc
Autumn,7,4.6729,5.6,-9.9171,8.0,-0.0892,solar.bun_pe#realenergyintotheload#kwh,bun_pe
Spring,10,-16.316,-16.755,-20.757,7.1,2.4954,solar.bun_pe#realenergyintotheload#kwh,bun_pe
Summer,11,-18.9482,-13.15,-29.9436,12.0909,1.1787,solar.bun_pe#realenergyintotheload#kwh,bun_pe
Winter,1,-45.15,-45.15,0.0,6.0,1.2188,solar.bun_pe#realenergyintotheload#kwh,bun_pe
Autumn,6,2.4167,-1.945,0.61,7.8333,-0.0928,solar.bun_ps2#realenergyintotheload#kwh,bun_ps2
Spring,11,-11.2509,-12.65,-21.1209,7.0909,0.8779,solar.bun_ps2#realenergyintotheload#kwh,bun_ps2
Summer,11,-14.7818,-11.7,-19.59,12.0909,0.3159,solar.bun_ps2#realenergyintotheload#kwh,bun_ps2
Winter,1,-35.18,-35.18,0.0,6.0,0.7815,solar.bun_ps2#realenergyintotheload#kwh,bun_ps2
Autumn,6,5.5583,2.96,2.1,7.8333,-0.1657,solar.bun_pw#realenergyintotheload#kwh,bun_pw
Spring,10,-14.437,-13.78,-17.72,7.1,2.3941,solar.bun_pw#realenergyintotheload#kwh,bun_pw
Summer,11,-17.75,-16.09,-25.8673,12.0909,1.0682,solar.bun_pw#realenergyintotheload#kwh,bun_pw
Winter,1,-42.84,-42.84,0.0,12.0,2.6803,solar.bun_pw#realenergyintotheload#kwh,bun_pw
Autumn,7,-15.42,-17.2,-27.8886,8.5714,0.8055,solar.bun_rd1#realenergyintotheload#kwh,bun_rd1
Spring,8,-13.9612,-18.685,-18.1412,9.125,0.4074,solar.bun_rd1#realenergyintotheload#kwh,bun_rd1
Summer,7,-15.6757,-16.0,-19.5643,9.4286,0.268,solar.bun_rd1#realenergyintotheload#kwh,bun_rd1
Winter,1,-39.0,-39.0,0.0,6.0,0.9696,solar.bun_rd1#realenergyintotheload#kwh,bun_rd1
Autumn,6,-11.1,-15.295,-19.37,9.1667,0.9227,solar.bun_rd2#realenergyintotheload#kwh,bun_rd2
Spring,8,-14.99,-18.705,-21.2,9.125,0.6519,solar.bun_rd2#realenergyintotheload#kwh,bun_rd2
Summer,9,-15.0533,-13.36,-18.7222,9.6667,0.4605,solar.bun_rd2#realenergyintotheload#kwh,bun_rd2
Winter,1,-37.81,-37.81,0.0,6.0,1.2775,solar.bun_rd2#realenergyintotheload#kwh,bun_rd2
Autumn,6,10.605,8.35,3.9133,7.6667,-0.6429,solar.bun_rlr#realenergyintotheload#kwh,bun_rlr
Spring,9,-14.4022,-15.62,-22.16,7.1111,1.4557,solar.bun_rlr#realenergyintotheload#kwh,bun_rlr
Summer,11,-13.8809,-12.97,-18.5291,12.0,0.6766,solar.bun_rlr#realenergyintotheload#kwh,bun_rlr
Winter,1,-35.74,-35.74,0.0,6.0,0.871,solar.bun_rlr#realenergyintotheload#kwh,bun_rlr
Autumn,8,0.905,-5.05,-5.0412,7.875,-0.1533,solar.bun_sw#realenergyintotheload#kwh,bun_sw
Spring,9,-10.5978,-12.33,-30.8333,7.1111,1.4984,solar.bun_sw#realenergyintotheload#kwh,bun_sw
Summer,11,-16.9555,-14.61,-25.7782,12.0909,0.6356,solar.bun_sw#realenergyintotheload#kwh,bun_sw
Winter,1,-38.96,-38.96,0.0,6.0,0.9104,solar.bun_sw#realenergyintotheload#kwh,bun_sw
Autumn,6,8.4383,5.985,-0.3433,7.6667,-0.6099,solar.bun_tlc#realenergyintotheload#kwh,bun_tlc
Spring,9,-13.3511,-14.84,-19.9967,7.1111,1.5974,solar.bun_tlc#realenergyintotheload#kwh,bun_tlc
Summer,11,-13.2327,-11.85,-14.0209,12.0,0.667,solar.bun_tlc#realenergyintotheload#kwh,bun_tlc
Autumn,8,2.3012,0.415,-5.755,7.5,-0.0121,solar.bun_union#realenergyintotheload#kwh,bun_union
Spring,9,-13.8667,-17.31,-21.8144,7.1111,0.9141,solar.bun_union#realenergyintotheload#kwh,bun_union
Summer,12,-20.0492,-10.805,-13.7692,11.5,0.3658,solar.bun_union#realenergyintotheload#kwh,bun_union
Winter,1,-44.94,-44.94,0.0,11.0,,solar.bun_union#realenergyintotheload#kwh,bun_union
Autumn,9,2.2811,-1.62,-6.0056,8.0,-0.3507,solar.bun_wlt#realenergyintotheload#kwh,bun_wlt
Spring,10,-11.208,-9.77,-15.699,7.1,2.3158,solar.bun_wlt#realenergyintotheload#kwh,bun_wlt
Summer,11,-18.2873,-12.63,-27.5318,12.0909,1.0792,solar.bun_wlt#realenergyintotheload#kwh,bun_wlt
Winter,1,-33.3,-33.3,0.0,6.0,-0.2937,solar.bun_wlt#realenergyintotheload#kwh,bun_wlt
