timestamp,meter,campus,Meter_reading,Real_model_prediction,Simulated_model,Simulated_degraded
2025-08-15 00:30:00,solar.bun_hs2#realenergyintotheload#kwh,BUNDOORA,0.0,-0.019519068,-0.047086433,0.0
2025-08-15 01:00:00,solar.bun_hs2#realenergyintotheload#kwh,BUNDOORA,0.0,-0.29938465,-0.0137559585,0.0
2025-08-15 01:30:00,solar.bun_hs2#realenergyintotheload#kwh,BUNDOORA,0.0,0.06553616,-0.012312083,0.0
2025-08-15 02:00:00,solar.bun_hs2#realenergyintotheload#kwh,BUNDOORA,0.0,-0.34066665,-0.07600508,0.0
2025-08-15 02:30:00,solar.bun_hs2#realenergyintotheload#kwh,BUNDOORA,0.0,0.053766545,-0.07921115,0.0
2025-08-15 03:00:00,solar.bun_hs2#realenergyintotheload#kwh,BUNDOORA,0.0,0.0767452,-0.019715693,0.0
2025-08-15 03:30:00,solar.bun_hs2#realenergyintotheload#kwh,BUNDOORA,0.0,0.10567709,0.028451158,0.027608221
2025-08-15 04:00:00,solar.bun_hs2#realenergyintotheload#kwh,BUNDOORA,0.0,0.45771813,0.04214243,0.040893853
2025-08-15 04:30:00,solar.bun_hs2#realenergyintotheload#kwh,BUNDOORA,0.0,-0.0984866,-0.0048894384,0.0
2025-08-15 05:00:00,solar.bun_hs2#realenergyintotheload#kwh,BUNDOORA,0.0,-0.07247144,0.039373305,0.03820677
2025-08-15 05:30:00,solar.bun_hs2#realenergyintotheload#kwh,BUNDOORA,0.0,-0.037894756,-0.0041833804,0.0
2025-08-15 06:00:00,solar.bun_hs2#realenergyintotheload#kwh,BUNDOORA,0.0,-0.1451606,0.0133634545,0.012967529
2025-08-15 06:30:00,solar.bun_hs2#realenergyintotheload#kwh,BUNDOORA,0.0,-0.012461776,-0.013377228,0.0
2025-08-15 07:00:00,solar.bun_hs2#realenergyintotheload#kwh,BUNDOORA,0.0,-0.028934952,0.0054180534,0.00525753
2025-08-15 07:30:00,solar.bun_hs2#realenergyintotheload#kwh,BUNDOORA,0.0,0.4018406,-0.21593006,0.0
2025-08-15 08:00:00,solar.bun_hs2#realenergyintotheload#kwh,BUNDOORA,0.0,0.82174414,0.49883214,0.484053
2025-08-15 08:30:00,solar.bun_hs2#realenergyintotheload#kwh,BUNDOORA,0.0,1.097417,1.5272406,1.4819924
2025-08-15 09:00:00,solar.bun_hs2#realenergyintotheload#kwh,BUNDOORA,0.0,0.504858,2.8992486,2.8133512
2025-08-15 09:30:00,solar.bun_hs2#realenergyintotheload#kwh,BUNDOORA,0.0,0.5633725,4.3979726,4.2676716
2025-08-15 10:00:00,solar.bun_hs2#realenergyintotheload#kwh,BUNDOORA,0.0,2.5631902,5.9463167,5.770142
2025-08-15 10:30:00,solar.bun_hs2#realenergyintotheload#kwh,BUNDOORA,0.0,3.7995756,10.509927,10.198544
2025-08-15 11:00:00,solar.bun_hs2#realenergyintotheload#kwh,BUNDOORA,0.0,2.6923513,8.150596,7.909114
2025-08-15 11:30:00,solar.bun_hs2#realenergyintotheload#kwh,BUNDOORA,0.0,7.713844,13.512976,13.11262
2025-08-15 12:00:00,solar.bun_hs2#realenergyintotheload#kwh,BUNDOORA,0.0,6.6958222,15.115766,14.667923
2025-08-15 12:30:00,solar.bun_hs2#realenergyintotheload#kwh,BUNDOORA,0.484375,7.7083364,15.398289,14.942076
2025-08-15 13:00:00,solar.bun_hs2#realenergyintotheload#kwh,BUNDOORA,1.4375,3.93134,10.459074,10.149198
2025-08-15 13:30:00,solar.bun_hs2#realenergyintotheload#kwh,BUNDOORA,2.96875,7.6681123,7.6535707,7.4268146
2025-08-15 14:00:00,solar.bun_hs2#realenergyintotheload#kwh,BUNDOORA,3.5625,4.578167,6.619105,6.4229975
2025-08-15 14:30:00,solar.bun_hs2#realenergyintotheload#kwh,BUNDOORA,0.71875,3.4574609,5.601344,5.4353905
2025-08-15 15:00:00,solar.bun_hs2#realenergyintotheload#kwh,BUNDOORA,0.671875,4.508529,4.674691,4.536192
2025-08-15 15:30:00,solar.bun_hs2#realenergyintotheload#kwh,BUNDOORA,0.5625,2.139034,3.7244375,3.6140916
2025-08-15 16:00:00,solar.bun_hs2#realenergyintotheload#kwh,BUNDOORA,0.640625,1.5649332,2.7809043,2.698513
2025-08-15 16:30:00,solar.bun_hs2#realenergyintotheload#kwh,BUNDOORA,1.53125,1.2476664,0.8483579,0.8232232
2025-08-15 17:00:00,solar.bun_hs2#realenergyintotheload#kwh,BUNDOORA,0.5,0.7964862,1.0903203,1.0580169
2025-08-15 17:30:00,solar.bun_hs2#realenergyintotheload#kwh,BUNDOORA,0.0,0.14322688,0.19468029,0.18891239
2025-08-15 18:00:00,solar.bun_hs2#realenergyintotheload#kwh,BUNDOORA,0.0,0.041597065,-0.008042298,0.0
2025-08-15 18:30:00,solar.bun_hs2#realenergyintotheload#kwh,BUNDOORA,0.0,-0.039812956,-0.009183453,0.0
2025-08-15 19:00:00,solar.bun_hs2#realenergyintotheload#kwh,BUNDOORA,0.0,-0.013862619,-0.005493707,0.0
2025-08-15 19:30:00,solar.bun_hs2#realenergyintotheload#kwh,BUNDOORA,0.0,0.0045166453,-0.0027711112,0.0
2025-08-15 20:00:00,solar.bun_hs2#realenergyintotheload#kwh,BUNDOORA,0.0,-0.025541043,-0.0027711112,0.0
2025-08-15 20:30:00,solar.bun_hs2#realenergyintotheload#kwh,BUNDOORA,0.0,-0.01710963,-0.0028722156,0.0
2025-08-15 21:00:00,solar.bun_hs2#realenergyintotheload#kwh,BUNDOORA,0.0,-0.022723788,0.00027873702,0.00027047875
2025-08-15 21:30:00,solar.bun_hs2#realenergyintotheload#kwh,BUNDOORA,0.0,-0.06017796,0.016504504,0.016015517
2025-08-15 22:00:00,solar.bun_hs2#realenergyintotheload#kwh,BUNDOORA,0.0,-0.046460357,0.0009655268,0.00093692064
2025-08-15 22:30:00,solar.bun_hs2#realenergyintotheload#kwh,BUNDOORA,0.0,-0.0007085819,0.00069842394,0.0006777314
2025-08-15 23:00:00,solar.bun_hs2#realenergyintotheload#kwh,BUNDOORA,0.0,0.054331876,0.010212243,0.009909679
2025-08-15 23:30:00,solar.bun_hs2#realenergyintotheload#kwh,BUNDOORA,0.0,0.027524421,-0.0017186971,0.0
2025-08-16 00:00:00,solar.bun_hs2#realenergyintotheload#kwh,BUNDOORA,0.0,0.010922657,-0.00166714,0.0
2025-08-16 00:30:00,solar.bun_hs2#realenergyintotheload#kwh,BUNDOORA,0.0,0.066397525,0.010263799,0.009959708
2025-08-16 01:00:00,solar.bun_hs2#realenergyintotheload#kwh,BUNDOORA,0.0,-0.015035115,0.0023931763,0.0023222724
2025-08-16 01:30:00,solar.bun_hs2#realenergyintotheload#kwh,BUNDOORA,0.0,0.0048235347,0.00064062723,0.00062164705
2025-08-16 02:00:00,solar.bun_hs2#realenergyintotheload#kwh,BUNDOORA,0.0,-0.039515663,-0.002352942,0.0
2025-08-16 02:30:00,solar.bun_hs2#realenergyintotheload#kwh,BUNDOORA,0.0,-0.02022537,-0.0024046728,0.0
2025-08-16 03:00:00,solar.bun_hs2#realenergyintotheload#kwh,BUNDOORA,0.0,-0.047269594,-0.0016016662,0.0
2025-08-16 03:30:00,solar.bun_hs2#realenergyintotheload#kwh,BUNDOORA,0.0,-0.031153757,-0.0025169442,0.0
2025-08-16 04:00:00,solar.bun_hs2#realenergyintotheload#kwh,BUNDOORA,0.0,-0.044727776,-0.0023531157,0.0
2025-08-16 04:30:00,solar.bun_hs2#realenergyintotheload#kwh,BUNDOORA,0.0,0.0064862,-0.0058271415,0.0
2025-08-16 05:00:00,solar.bun_hs2#realenergyintotheload#kwh,BUNDOORA,0.0,0.013885349,0.0009998309,0.0009702084
2025-08-16 05:30:00,solar.bun_hs2#realenergyintotheload#kwh,BUNDOORA,0.0,-0.051447038,0.0027573407,0.0026756476
2025-08-16 06:00:00,solar.bun_hs2#realenergyintotheload#kwh,BUNDOORA,0.0,0.023069806,0.0026087225,0.0025314325
2025-08-16 06:30:00,solar.bun_hs2#realenergyintotheload#kwh,BUNDOORA,0.0,0.026539419,-0.009237368,0.0
2025-08-16 07:00:00,solar.bun_hs2#realenergyintotheload#kwh,BUNDOORA,0.0,0.03572007,-0.0015487606,0.0
2025-08-16 07:30:00,solar.bun_hs2#realenergyintotheload#kwh,BUNDOORA,0.0,0.030504515,0.100382656,0.09740857
2025-08-16 08:00:00,solar.bun_hs2#realenergyintotheload#kwh,BUNDOORA,0.0,0.026909227,1.0472085,1.0161824
2025-08-16 08:30:00,solar.bun_hs2#realenergyintotheload#kwh,BUNDOORA,0.0,0.42757434,2.1933885,2.128404
2025-08-16 09:00:00,solar.bun_hs2#realenergyintotheload#kwh,BUNDOORA,0.0,0.58159614,4.143914,4.0211406
2025-08-16 09:30:00,solar.bun_hs2#realenergyintotheload#kwh,BUNDOORA,0.0,1.1510128,6.892065,6.6878705
2025-08-16 10:00:00,solar.bun_hs2#realenergyintotheload#kwh,BUNDOORA,0.0,2.7403197,9.789929,9.499878
2025-08-16 10:30:00,solar.bun_hs2#realenergyintotheload#kwh,BUNDOORA,0.0,3.749402,14.43458,14.006919
2025-08-16 11:00:00,solar.bun_hs2#realenergyintotheload#kwh,BUNDOORA,0.0,3.2826388,16.847794,16.348635
2025-08-16 11:30:00,solar.bun_hs2#realenergyintotheload#kwh,BUNDOORA,0.0,4.3100495,19.247543,18.677286
2025-08-16 12:00:00,solar.bun_hs2#realenergyintotheload#kwh,BUNDOORA,0.0,5.713702,17.030584,16.52601
2025-08-16 12:30:00,solar.bun_hs2#realenergyintotheload#kwh,BUNDOORA,0.0,4.1855927,17.556572,17.036415
2025-08-16 13:00:00,solar.bun_hs2#realenergyintotheload#kwh,BUNDOORA,0.0,4.4975934,19.273487,18.702461
2025-08-16 13:30:00,solar.bun_hs2#realenergyintotheload#kwh,BUNDOORA,0.0,3.5226336,16.642147,16.149082
2025-08-16 14:00:00,solar.bun_hs2#realenergyintotheload#kwh,BUNDOORA,0.0,2.7841132,15.4180975,14.961298
2025-08-16 14:30:00,solar.bun_hs2#realenergyintotheload#kwh,BUNDOORA,0.0,6.532302,12.937833,12.554517
2025-08-16 15:00:00,solar.bun_hs2#realenergyintotheload#kwh,BUNDOORA,0.0,5.762311,10.355314,10.048512
2025-08-16 15:30:00,solar.bun_hs2#realenergyintotheload#kwh,BUNDOORA,0.0,4.3225055,8.099171,7.8592124
2025-08-16 16:00:00,solar.bun_hs2#realenergyintotheload#kwh,BUNDOORA,0.0,3.2988455,5.565838,5.400936
2025-08-16 16:30:00,solar.bun_hs2#realenergyintotheload#kwh,BUNDOORA,0.0,1.0382249,3.405784,3.304879
2025-08-16 17:00:00,solar.bun_hs2#realenergyintotheload#kwh,BUNDOORA,0.0,-0.11827835,1.4455048,1.4026781
2025-08-16 17:30:00,solar.bun_hs2#realenergyintotheload#kwh,BUNDOORA,0.0,0.25891268,0.61743593,0.59914285
2025-08-16 18:00:00,solar.bun_hs2#realenergyintotheload#kwh,BUNDOORA,0.0,0.21079949,0.0041902578,0.004066111
2025-08-16 18:30:00,solar.bun_hs2#realenergyintotheload#kwh,BUNDOORA,0.0,0.099117644,-0.007593932,0.0
2025-08-16 19:00:00,solar.bun_hs2#realenergyintotheload#kwh,BUNDOORA,0.0,0.061871342,-0.007645489,0.0
2025-08-16 19:30:00,solar.bun_hs2#realenergyintotheload#kwh,BUNDOORA,0.0,-0.07740934,-0.006873868,0.0
2025-08-16 20:00:00,solar.bun_hs2#realenergyintotheload#kwh,BUNDOORA,0.0,0.027459288,-0.015221823,0.0
2025-08-16 20:30:00,solar.bun_hs2#realenergyintotheload#kwh,BUNDOORA,0.0,0.027459288,-0.010093281,0.0
2025-08-16 21:00:00,solar.bun_hs2#realenergyintotheload#kwh,BUNDOORA,0.0,0.027459288,-0.0038811308,0.0
2025-08-16 21:30:00,solar.bun_hs2#realenergyintotheload#kwh,BUNDOORA,0.0,0.029992374,-0.0038811308,0.0
2025-08-16 22:00:00,solar.bun_hs2#realenergyintotheload#kwh,BUNDOORA,0.0,-0.023554938,-0.0038811308,0.0
2025-08-16 22:30:00,solar.bun_hs2#realenergyintotheload#kwh,BUNDOORA,0.0,-0.05488759,0.0039924234,0.003874138
2025-08-16 23:00:00,solar.bun_hs2#realenergyintotheload#kwh,BUNDOORA,0.0,-0.008284988,0.0040439805,0.0039241672
2025-08-16 23:30:00,solar.bun_hs2#realenergyintotheload#kwh,BUNDOORA,0.0,0.014193395,0.0007135081,0.00069236866
2025-08-17 00:00:00,solar.bun_hs2#realenergyintotheload#kwh,BUNDOORA,0.0,0.014193395,0.0007135081,0.00069236866
2025-08-17 00:30:00,solar.bun_hs2#realenergyintotheload#kwh,BUNDOORA,0.0,-0.025822015,0.0011928623,0.0011575208
2025-08-17 01:00:00,solar.bun_hs2#realenergyintotheload#kwh,BUNDOORA,0.0,-0.025822015,0.0011928623,0.0011575208
2025-08-17 01:30:00,solar.bun_hs2#realenergyintotheload#kwh,BUNDOORA,0.0,-0.014763778,0.000929054,0.00090152846
2025-08-17 02:00:00,solar.bun_hs2#realenergyintotheload#kwh,BUNDOORA,0.0,-0.11963242,0.0021495824,0.0020858955
2025-08-17 02:30:00,solar.bun_hs2#realenergyintotheload#kwh,BUNDOORA,0.0,-0.016130952,0.007716216,0.007487604
2025-08-17 03:00:00,solar.bun_hs2#realenergyintotheload#kwh,BUNDOORA,0.0,-0.016130952,0.00229324,0.002225297
2025-08-17 03:30:00,solar.bun_hs2#realenergyintotheload#kwh,BUNDOORA,0.0,-0.11146313,0.00229324,0.002225297
2025-08-17 04:00:00,solar.bun_hs2#realenergyintotheload#kwh,BUNDOORA,0.0,-0.07384534,0.00229324,0.002225297
2025-08-17 04:30:00,solar.bun_hs2#realenergyintotheload#kwh,BUNDOORA,0.0,-0.04091172,5.059215e-05,4.909323e-05
2025-08-17 05:00:00,solar.bun_hs2#realenergyintotheload#kwh,BUNDOORA,0.0,-0.03695064,0.010000909,0.009704607
2025-08-17 05:30:00,solar.bun_hs2#realenergyintotheload#kwh,BUNDOORA,0.0,-0.19415778,0.003833565,0.003719986
2025-08-17 06:00:00,solar.bun_hs2#realenergyintotheload#kwh,BUNDOORA,0.0,0.030484978,0.0039021322,0.0037865217
2025-08-17 06:30:00,solar.bun_hs2#realenergyintotheload#kwh,BUNDOORA,0.0,0.028565198,0.0039021322,0.0037865217
2025-08-17 07:00:00,solar.bun_hs2#realenergyintotheload#kwh,BUNDOORA,0.015625,0.12290391,0.000929054,0.00090152846
2025-08-17 07:30:00,solar.bun_hs2#realenergyintotheload#kwh,BUNDOORA,0.453125,0.13893795,0.104648136,0.10154767
2025-08-17 08:00:00,solar.bun_hs2#realenergyintotheload#kwh,BUNDOORA,1.21875,0.062761426,1.1924986,1.1571678
2025-08-17 08:30:00,solar.bun_hs2#realenergyintotheload#kwh,BUNDOORA,2.109375,0.66925627,2.169178,2.1049106
2025-08-17 09:00:00,solar.bun_hs2#realenergyintotheload#kwh,BUNDOORA,2.03125,0.9241524,3.663192,3.5546608
2025-08-17 09:30:00,solar.bun_hs2#realenergyintotheload#kwh,BUNDOORA,1.8125,1.459632,6.5539765,6.3597984
2025-08-17 10:00:00,solar.bun_hs2#realenergyintotheload#kwh,BUNDOORA,4.328125,1.7657872,8.191118,7.948436
2025-08-17 10:30:00,solar.bun_hs2#realenergyintotheload#kwh,BUNDOORA,9.21875,2.5369582,11.068488,10.740557
2025-08-17 11:00:00,solar.bun_hs2#realenergyintotheload#kwh,BUNDOORA,10.4375,4.65178,14.057428,13.640942
2025-08-17 11:30:00,solar.bun_hs2#realenergyintotheload#kwh,BUNDOORA,8.828125,3.0533657,17.2343,16.723692
2025-08-17 12:00:00,solar.bun_hs2#realenergyintotheload#kwh,BUNDOORA,9.8125,3.3032656,17.29359,16.781225
2025-08-17 12:30:00,solar.bun_hs2#realenergyintotheload#kwh,BUNDOORA,7.421875,5.9707527,14.465068,14.036504
2025-08-17 13:00:00,solar.bun_hs2#realenergyintotheload#kwh,BUNDOORA,5.875,4.3122363,10.403452,10.095223
2025-08-17 13:30:00,solar.bun_hs2#realenergyintotheload#kwh,BUNDOORA,5.53125,1.6399449,7.983537,7.747005
2025-08-17 14:00:00,solar.bun_hs2#realenergyintotheload#kwh,BUNDOORA,5.984375,3.473581,6.2937555,6.1072874
2025-08-17 14:30:00,solar.bun_hs2#realenergyintotheload#kwh,BUNDOORA,3.78125,2.5949452,5.6644936,5.496669
2025-08-17 15:00:00,solar.bun_hs2#realenergyintotheload#kwh,BUNDOORA,3.765625,2.453687,5.160302,5.0074153
2025-08-17 15:30:00,solar.bun_hs2#realenergyintotheload#kwh,BUNDOORA,1.0,2.1399865,4.2223907,4.097292
2025-08-17 16:00:00,solar.bun_hs2#realenergyintotheload#kwh,BUNDOORA,0.734375,1.0011086,3.2075968,3.1125636
2025-08-17 16:30:00,solar.bun_hs2#realenergyintotheload#kwh,BUNDOORA,0.546875,1.9713836,3.3881001,3.2877192
2025-08-17 17:00:00,solar.bun_hs2#realenergyintotheload#kwh,BUNDOORA,0.390625,1.6038375,0.9395385,0.9117023
2025-08-17 17:30:00,solar.bun_hs2#realenergyintotheload#kwh,BUNDOORA,0.0,0.28153,0.12990609,0.1260573
2025-08-17 18:00:00,solar.bun_hs2#realenergyintotheload#kwh,BUNDOORA,0.0,0.3258233,0.012964044,0.012579951
2025-08-17 18:30:00,solar.bun_hs2#realenergyintotheload#kwh,BUNDOORA,0.0,0.13504907,0.004898866,0.004753725
2025-08-17 19:00:00,solar.bun_hs2#realenergyintotheload#kwh,BUNDOORA,0.0,0.096621625,0.0017911285,0.0017380619
2025-08-17 19:30:00,solar.bun_hs2#realenergyintotheload#kwh,BUNDOORA,0.0,0.011053354,0.0017911285,0.0017380619
2025-08-17 20:00:00,solar.bun_hs2#realenergyintotheload#kwh,BUNDOORA,0.0,-0.014436187,0.0017911285,0.0017380619
2025-08-17 20:30:00,solar.bun_hs2#realenergyintotheload#kwh,BUNDOORA,0.0,-0.03400855,0.0017911285,0.0017380619
2025-08-17 21:00:00,solar.bun_hs2#realenergyintotheload#kwh,BUNDOORA,0.0,-0.03400855,-0.0028959266,0.0
2025-08-17 21:30:00,solar.bun_hs2#realenergyintotheload#kwh,BUNDOORA,0.0,-0.02441758,0.00066087535,0.0006412953
2025-08-17 22:00:00,solar.bun_hs2#realenergyintotheload#kwh,BUNDOORA,0.0,0.015367953,-0.0069508823,0.0
2025-08-17 22:30:00,solar.bun_hs2#realenergyintotheload#kwh,BUNDOORA,0.0,0.25972554,-0.0043707793,0.0
2025-08-17 23:00:00,solar.bun_hs2#realenergyintotheload#kwh,BUNDOORA,0.0,0.6751773,-0.0039480804,0.0
2025-08-17 23:30:00,solar.bun_hs2#realenergyintotheload#kwh,BUNDOORA,0.0,0.3554968,-0.0014842617,0.0
2025-08-18 00:00:00,solar.bun_hs2#realenergyintotheload#kwh,BUNDOORA,0.0,1.3891467,-0.008931516,0.0
2025-08-18 00:30:00,solar.bun_hs2#realenergyintotheload#kwh,BUNDOORA,0.0,0.62162995,-0.0043760375,0.0
2025-08-18 01:00:00,solar.bun_hs2#realenergyintotheload#kwh,BUNDOORA,0.0,0.11864595,-0.004488483,0.0
2025-08-18 01:30:00,solar.bun_hs2#realenergyintotheload#kwh,BUNDOORA,0.0,0.11864595,-0.004488483,0.0
2025-08-18 02:00:00,solar.bun_hs2#realenergyintotheload#kwh,BUNDOORA,0.0,0.59161365,5.459893e-05,5.29813e-05
2025-08-18 02:30:00,solar.bun_hs2#realenergyintotheload#kwh,BUNDOORA,0.0,0.59161365,-0.0026546707,0.0
2025-08-18 03:00:00,solar.bun_hs2#realenergyintotheload#kwh,BUNDOORA,0.0,0.8987745,-0.0001908516,0.0
2025-08-18 03:30:00,solar.bun_hs2#realenergyintotheload#kwh,BUNDOORA,0.0,0.1719668,-0.0001908516,0.0
2025-08-18 04:00:00,solar.bun_hs2#realenergyintotheload#kwh,BUNDOORA,0.0,0.19823094,-0.0050803097,0.0
2025-08-18 04:30:00,solar.bun_hs2#realenergyintotheload#kwh,BUNDOORA,0.0,0.19921525,0.0018469567,0.001792236
2025-08-18 05:00:00,solar.bun_hs2#realenergyintotheload#kwh,BUNDOORA,0.0,0.026994554,0.007656591,0.0074297455
2025-08-18 05:30:00,solar.bun_hs2#realenergyintotheload#kwh,BUNDOORA,0.0,0.042915445,0.0028391853,0.0027550673
2025-08-18 06:00:00,solar.bun_hs2#realenergyintotheload#kwh,BUNDOORA,0.0,-0.04820554,-0.0033422252,0.0
2025-08-18 06:30:00,solar.bun_hs2#realenergyintotheload#kwh,BUNDOORA,0.0,0.062768765,0.0014042226,0.001362619
2025-08-18 07:00:00,solar.bun_hs2#realenergyintotheload#kwh,BUNDOORA,0.0,0.19432162,-0.0001908516,0.0
2025-08-18 07:30:00,solar.bun_hs2#realenergyintotheload#kwh,BUNDOORA,0.234375,-0.11678223,0.20221238,0.19622134
2025-08-18 08:00:00,solar.bun_hs2#realenergyintotheload#kwh,BUNDOORA,0.59375,-0.10896514,1.0878878,1.0556563
2025-08-18 08:30:00,solar.bun_hs2#realenergyintotheload#kwh,BUNDOORA,0.953125,0.04177615,2.4469502,2.374453
2025-08-18 09:00:00,solar.bun_hs2#realenergyintotheload#kwh,BUNDOORA,1.234375,0.29874,4.5546803,4.4197364
2025-08-18 09:30:00,solar.bun_hs2#realenergyintotheload#kwh,BUNDOORA,1.53125,1.3057703,6.908059,6.7033906
2025-08-18 10:00:00,solar.bun_hs2#realenergyintotheload#kwh,BUNDOORA,2.03125,3.9735055,9.775611,9.485984
2025-08-18 10:30:00,solar.bun_hs2#realenergyintotheload#kwh,BUNDOORA,3.0,3.4284668,6.398869,6.2092867
2025-08-18 11:00:00,solar.bun_hs2#realenergyintotheload#kwh,BUNDOORA,3.140625,2.4976983,7.303853,7.087458
2025-08-18 11:30:00,solar.bun_hs2#realenergyintotheload#kwh,BUNDOORA,1.921875,5.69968,7.91211,7.677694
2025-08-18 12:00:00,solar.bun_hs2#realenergyintotheload#kwh,BUNDOORA,2.046875,6.390741,8.5601425,8.306527
2025-08-18 12:30:00,solar.bun_hs2#realenergyintotheload#kwh,BUNDOORA,1.859375,7.782225,8.799823,8.539106
2025-08-18 13:00:00,solar.bun_hs2#realenergyintotheload#kwh,BUNDOORA,2.890625,5.981223,10.006741,9.710266
2025-08-18 13:30:00,solar.bun_hs2#realenergyintotheload#kwh,BUNDOORA,3.046875,1.9587958,12.419491,12.051533
2025-08-18 14:00:00,solar.bun_hs2#realenergyintotheload#kwh,BUNDOORA,3.75,1.6657349,13.108175,12.719812
2025-08-18 14:30:00,solar.bun_hs2#realenergyintotheload#kwh,BUNDOORA,5.0,5.078066,12.475228,12.1056185
2025-08-18 15:00:00,solar.bun_hs2#realenergyintotheload#kwh,BUNDOORA,3.28125,5.007974,10.247818,9.9442005
2025-08-18 15:30:00,solar.bun_hs2#realenergyintotheload#kwh,BUNDOORA,3.890625,6.0090594,8.640874,8.384867
2025-08-18 16:00:00,solar.bun_hs2#realenergyintotheload#kwh,BUNDOORA,2.25,3.6976285,5.79922,5.6274037
2025-08-18 16:30:00,solar.bun_hs2#realenergyintotheload#kwh,BUNDOORA,1.1875,2.9710453,4.003801,3.8851783
2025-08-18 17:00:00,solar.bun_hs2#realenergyintotheload#kwh,BUNDOORA,0.484375,0.7030818,1.9496039,1.891842
2025-08-18 17:30:00,solar.bun_hs2#realenergyintotheload#kwh,BUNDOORA,0.0625,0.8262804,0.41118738,0.39900494
2025-08-18 18:00:00,solar.bun_hs2#realenergyintotheload#kwh,BUNDOORA,0.0,0.6855887,-0.0005505978,0.0
2025-08-18 18:30:00,solar.bun_hs2#realenergyintotheload#kwh,BUNDOORA,0.0,0.051574826,0.00825741,0.008012763
2025-08-18 19:00:00,solar.bun_hs2#realenergyintotheload#kwh,BUNDOORA,0.0,0.05771443,-0.011753457,0.0
2025-08-18 19:30:00,solar.bun_hs2#realenergyintotheload#kwh,BUNDOORA,0.0,-0.020051897,-0.0034491965,0.0
2025-08-18 20:00:00,solar.bun_hs2#realenergyintotheload#kwh,BUNDOORA,0.0,0.0042165685,0.0027230312,0.0026423547
2025-08-18 20:30:00,solar.bun_hs2#realenergyintotheload#kwh,BUNDOORA,0.0,0.0011739843,-0.004763926,0.0
2025-08-18 21:00:00,solar.bun_hs2#realenergyintotheload#kwh,BUNDOORA,0.0,0.2222104,-0.004763926,0.0
2025-08-18 21:30:00,solar.bun_hs2#realenergyintotheload#kwh,BUNDOORA,0.0,0.22798595,-0.009259634,0.0
2025-08-18 22:00:00,solar.bun_hs2#realenergyintotheload#kwh,BUNDOORA,0.0,0.22504531,0.008586291,0.0083319
2025-08-18 22:30:00,solar.bun_hs2#realenergyintotheload#kwh,BUNDOORA,0.0,0.011878148,-0.005135414,0.0
2025-08-18 23:00:00,solar.bun_hs2#realenergyintotheload#kwh,BUNDOORA,0.0,0.012734164,-0.009351689,0.0
2025-08-18 23:30:00,solar.bun_hs2#realenergyintotheload#kwh,BUNDOORA,0.0,-0.0018108343,0.0013338753,0.001294356
2025-08-19 00:00:00,solar.bun_hs2#realenergyintotheload#kwh,BUNDOORA,0.0,0.012734164,0.0047204345,0.0045805797
2025-08-19 00:30:00,solar.bun_hs2#realenergyintotheload#kwh,BUNDOORA,0.0,-0.051347148,-0.007609705,0.0
2025-08-19 01:00:00,solar.bun_hs2#realenergyintotheload#kwh,BUNDOORA,0.0,0.026994554,0.016600171,0.016108349
2025-08-19 01:30:00,solar.bun_hs2#realenergyintotheload#kwh,BUNDOORA,0.0,0.045666836,0.006080322,0.005900177
2025-08-19 02:00:00,solar.bun_hs2#realenergyintotheload#kwh,BUNDOORA,0.0,0.029550998,-0.0028632567,0.0
2025-08-19 02:30:00,solar.bun_hs2#realenergyintotheload#kwh,BUNDOORA,0.0,0.029550998,-0.0028632567,0.0
2025-08-19 03:00:00,solar.bun_hs2#realenergyintotheload#kwh,BUNDOORA,0.0,0.029550998,-0.0028632567,0.0
2025-08-19 03:30:00,solar.bun_hs2#realenergyintotheload#kwh,BUNDOORA,0.0,0.029550998,0.0028391853,0.0027550673
2025-08-19 04:00:00,solar.bun_hs2#realenergyintotheload#kwh,BUNDOORA,0.0,0.029550998,0.0014042226,0.001362619
2025-08-19 04:30:00,solar.bun_hs2#realenergyintotheload#kwh,BUNDOORA,0.0,0.009508928,-6.8687077e-06,0.0
2025-08-19 05:00:00,solar.bun_hs2#realenergyintotheload#kwh,BUNDOORA,0.0,0.009508928,-6.8687077e-06,0.0
2025-08-19 05:30:00,solar.bun_hs2#realenergyintotheload#kwh,BUNDOORA,0.0,0.009508928,-6.8687077e-06,0.0
2025-08-19 06:00:00,solar.bun_hs2#realenergyintotheload#kwh,BUNDOORA,0.0,-0.00024007028,-6.8687077e-06,0.0
2025-08-19 06:30:00,solar.bun_hs2#realenergyintotheload#kwh,BUNDOORA,0.0,0.004102721,0.010012016,0.009715385
2025-08-19 07:00:00,solar.bun_hs2#realenergyintotheload#kwh,BUNDOORA,0.015625,0.08748241,0.0014042226,0.001362619
2025-08-19 07:30:00,solar.bun_hs2#realenergyintotheload#kwh,BUNDOORA,0.296875,-0.09073476,0.34905395,0.33871236
2025-08-19 08:00:00,solar.bun_hs2#realenergyintotheload#kwh,BUNDOORA,0.90625,0.17210676,1.4942552,1.4499842
2025-08-19 08:30:00,solar.bun_hs2#realenergyintotheload#kwh,BUNDOORA,2.125,0.0865383,3.7640479,3.6525285
2025-08-19 09:00:00,solar.bun_hs2#realenergyintotheload#kwh,BUNDOORA,4.359375,0.6528306,5.5763397,5.4111266
2025-08-19 09:30:00,solar.bun_hs2#realenergyintotheload#kwh,BUNDOORA,6.71875,1.0539173,9.918798,9.624929
2025-08-19 10:00:00,solar.bun_hs2#realenergyintotheload#kwh,BUNDOORA,8.453125,4.6058083,12.777992,12.399412
2025-08-19 10:30:00,solar.bun_hs2#realenergyintotheload#kwh,BUNDOORA,9.390625,5.9350853,15.831419,15.362373
2025-08-19 11:00:00,solar.bun_hs2#realenergyintotheload#kwh,BUNDOORA,10.453125,8.775276,18.063911,17.528723
2025-08-19 11:30:00,solar.bun_hs2#realenergyintotheload#kwh,BUNDOORA,11.0625,6.0037923,19.812662,19.225662
2025-08-19 12:00:00,solar.bun_hs2#realenergyintotheload#kwh,BUNDOORA,11.359375,9.293406,20.39647,19.792173
2025-08-19 12:30:00,solar.bun_hs2#realenergyintotheload#kwh,BUNDOORA,11.4375,8.598799,21.345125,20.712723
2025-08-19 13:00:00,solar.bun_hs2#realenergyintotheload#kwh,BUNDOORA,11.21875,9.574182,20.837807,20.220434
2025-08-19 13:30:00,solar.bun_hs2#realenergyintotheload#kwh,BUNDOORA,10.71875,8.466974,20.082556,19.48756
2025-08-19 14:00:00,solar.bun_hs2#realenergyintotheload#kwh,BUNDOORA,9.984375,8.3817425,18.771675,18.215517
2025-08-19 14:30:00,solar.bun_hs2#realenergyintotheload#kwh,BUNDOORA,8.984375,8.084415,15.688113,15.223313
2025-08-19 15:00:00,solar.bun_hs2#realenergyintotheload#kwh,BUNDOORA,7.390625,7.2981195,14.029648,13.613984
2025-08-19 15:30:00,solar.bun_hs2#realenergyintotheload#kwh,BUNDOORA,5.046875,8.037845,12.630432,12.256224
2025-08-19 16:00:00,solar.bun_hs2#realenergyintotheload#kwh,BUNDOORA,3.234375,4.345106,9.158436,8.8870945
2025-08-19 16:30:00,solar.bun_hs2#realenergyintotheload#kwh,BUNDOORA,1.8125,4.343034,6.301432,6.1147366
2025-08-19 17:00:00,solar.bun_hs2#realenergyintotheload#kwh,BUNDOORA,0.71875,1.3497468,3.2708669,3.1739593
2025-08-19 17:30:00,solar.bun_hs2#realenergyintotheload#kwh,BUNDOORA,0.109375,0.6413376,1.4123198,1.3704762
2025-08-19 18:00:00,solar.bun_hs2#realenergyintotheload#kwh,BUNDOORA,0.0,1.2080411,-0.0049634604,0.0
2025-08-19 18:30:00,solar.bun_hs2#realenergyintotheload#kwh,BUNDOORA,0.0,0.38078704,-0.010376494,0.0
2025-08-19 19:00:00,solar.bun_hs2#realenergyintotheload#kwh,BUNDOORA,0.0,0.056701135,-0.009312399,0.0
2025-08-19 19:30:00,solar.bun_hs2#realenergyintotheload#kwh,BUNDOORA,0.0,-0.09423169,0.013045715,0.012659203
2025-08-19 20:00:00,solar.bun_hs2#realenergyintotheload#kwh,BUNDOORA,0.0,-0.034666464,0.009962961,0.009667783
2025-08-19 20:30:00,solar.bun_hs2#realenergyintotheload#kwh,BUNDOORA,0.0,0.088382915,0.0030741347,0.0029830558
2025-08-19 21:00:00,solar.bun_hs2#realenergyintotheload#kwh,BUNDOORA,0.0,-0.073409624,0.0030741347,0.0029830558
2025-08-19 21:30:00,solar.bun_hs2#realenergyintotheload#kwh,BUNDOORA,0.0,-0.016375357,0.0024710884,0.0023978762
2025-08-19 22:00:00,solar.bun_hs2#realenergyintotheload#kwh,BUNDOORA,0.0,-0.016375357,0.0015558106,0.0015097158
2025-08-19 22:30:00,solar.bun_hs2#realenergyintotheload#kwh,BUNDOORA,0.0,-0.112224944,0.003948199,0.0038312238
2025-08-19 23:00:00,solar.bun_hs2#realenergyintotheload#kwh,BUNDOORA,0.0,-0.112224944,0.003948199,0.0038312238
2025-08-19 23:30:00,solar.bun_hs2#realenergyintotheload#kwh,BUNDOORA,0.0,-0.068052985,0.0038966434,0.0037811955
2025-08-20 00:00:00,solar.bun_hs2#realenergyintotheload#kwh,BUNDOORA,0.0,-0.05495234,0.0038966434,0.0037811955
2025-08-20 00:30:00,solar.bun_hs2#realenergyintotheload#kwh,BUNDOORA,0.0,-0.093376264,0.008664802,0.008408085
2025-08-20 01:00:00,solar.bun_hs2#realenergyintotheload#kwh,BUNDOORA,0.0,0.0018811347,-0.006396001,0.0
2025-08-20 01:30:00,solar.bun_hs2#realenergyintotheload#kwh,BUNDOORA,0.0,0.0018811347,0.0033630193,0.0032633815
2025-08-20 02:00:00,solar.bun_hs2#realenergyintotheload#kwh,BUNDOORA,0.0,0.0018811347,0.0033630193,0.0032633815
2025-08-20 02:30:00,solar.bun_hs2#realenergyintotheload#kwh,BUNDOORA,0.0,0.0018811347,0.0033630193,0.0032633815
2025-08-20 03:00:00,solar.bun_hs2#realenergyintotheload#kwh,BUNDOORA,0.0,0.0018811347,0.0033630193,0.0032633815
2025-08-20 03:30:00,solar.bun_hs2#realenergyintotheload#kwh,BUNDOORA,0.0,0.0018811347,0.0033630193,0.0032633815
2025-08-20 04:00:00,solar.bun_hs2#realenergyintotheload#kwh,BUNDOORA,0.0,-0.011692874,0.0034145755,0.00331341
2025-08-20 04:30:00,solar.bun_hs2#realenergyintotheload#kwh,BUNDOORA,0.0,-0.011692874,0.0034145755,0.00331341
2025-08-20 05:00:00,solar.bun_hs2#realenergyintotheload#kwh,BUNDOORA,0.0,-0.011692874,0.0034145755,0.00331341
2025-08-20 05:30:00,solar.bun_hs2#realenergyintotheload#kwh,BUNDOORA,0.0,-0.011692874,-0.006344444,0.0
2025-08-20 06:00:00,solar.bun_hs2#realenergyintotheload#kwh,BUNDOORA,0.0,0.4048849,0.008716358,0.008458114
2025-08-20 06:30:00,solar.bun_hs2#realenergyintotheload#kwh,BUNDOORA,0.0,-0.17487738,-0.0027576517,0.0
2025-08-20 07:00:00,solar.bun_hs2#realenergyintotheload#kwh,BUNDOORA,0.0,-0.023275752,0.0041637453,0.0040403837
2025-08-20 07:30:00,solar.bun_hs2#realenergyintotheload#kwh,BUNDOORA,0.0,0.4337718,0.3441552,0.33395875
2025-08-20 08:00:00,solar.bun_hs2#realenergyintotheload#kwh,BUNDOORA,0.0,1.9968555,2.0219836,1.9620773
2025-08-20 08:30:00,solar.bun_hs2#realenergyintotheload#kwh,BUNDOORA,0.0,1.9868436,4.371281,4.241771
2025-08-20 09:00:00,solar.bun_hs2#realenergyintotheload#kwh,BUNDOORA,0.0,2.3316703,7.001499,6.794062
2025-08-20 09:30:00,solar.bun_hs2#realenergyintotheload#kwh,BUNDOORA,0.0,4.5621686,10.704265,10.387124
2025-08-20 10:00:00,solar.bun_hs2#realenergyintotheload#kwh,BUNDOORA,0.0,9.940569,13.742784,13.335619
2025-08-20 10:30:00,solar.bun_hs2#realenergyintotheload#kwh,BUNDOORA,0.0,8.160227,16.265095,15.7832
2025-08-20 11:00:00,solar.bun_hs2#realenergyintotheload#kwh,BUNDOORA,0.0,6.343359,18.056551,17.52158
2025-08-20 11:30:00,solar.bun_hs2#realenergyintotheload#kwh,BUNDOORA,0.0,5.2865944,19.56095,18.981407
2025-08-20 12:00:00,solar.bun_hs2#realenergyintotheload#kwh,BUNDOORA,0.0,11.504874,20.329445,19.727135
2025-08-20 12:30:00,solar.bun_hs2#realenergyintotheload#kwh,BUNDOORA,0.0,11.465297,20.399965,19.795565
2025-08-20 13:00:00,solar.bun_hs2#realenergyintotheload#kwh,BUNDOORA,0.0,11.465297,20.175976,19.578213
2025-08-20 13:30:00,solar.bun_hs2#realenergyintotheload#kwh,BUNDOORA,0.0,7.7397795,19.483374,18.90613
2025-08-20 14:00:00,solar.bun_hs2#realenergyintotheload#kwh,BUNDOORA,0.0,5.8992414,18.169367,17.631054
2025-08-20 14:30:00,solar.bun_hs2#realenergyintotheload#kwh,BUNDOORA,0.0,6.948767,15.201033,14.750664
2025-08-20 15:00:00,solar.bun_hs2#realenergyintotheload#kwh,BUNDOORA,0.0,6.286614,13.819583,13.410143
2025-08-20 15:30:00,solar.bun_hs2#realenergyintotheload#kwh,BUNDOORA,0.0,6.7105417,12.635343,12.260989
2025-08-20 16:00:00,solar.bun_hs2#realenergyintotheload#kwh,BUNDOORA,0.0,3.4155598,8.494063,8.242406
2025-08-20 16:30:00,solar.bun_hs2#realenergyintotheload#kwh,BUNDOORA,0.0,3.1599035,6.7361865,6.53661
2025-08-20 17:00:00,solar.bun_hs2#realenergyintotheload#kwh,BUNDOORA,0.0,1.9576719,3.5200067,3.4157176
2025-08-20 17:30:00,solar.bun_hs2#realenergyintotheload#kwh,BUNDOORA,0.0,1.7643886,1.34245,1.3026766
2025-08-20 18:00:00,solar.bun_hs2#realenergyintotheload#kwh,BUNDOORA,0.0,-0.6123805,-0.02775642,0.0
2025-08-20 18:30:00,solar.bun_hs2#realenergyintotheload#kwh,BUNDOORA,0.0,1.1592128,0.022216987,0.021558752
2025-08-20 19:00:00,solar.bun_hs2#realenergyintotheload#kwh,BUNDOORA,0.0,0.53015244,-0.0322619,0.0
2025-08-20 19:30:00,solar.bun_hs2#realenergyintotheload#kwh,BUNDOORA,0.0,0.15918082,-0.012701968,0.0
2025-08-20 20:00:00,solar.bun_hs2#realenergyintotheload#kwh,BUNDOORA,0.0,0.060508534,0.01759512,0.01707382
2025-08-20 20:30:00,solar.bun_hs2#realenergyintotheload#kwh,BUNDOORA,0.0,0.033683557,-0.018415205,0.0
2025-08-20 21:00:00,solar.bun_hs2#realenergyintotheload#kwh,BUNDOORA,0.0,-0.23344621,0.22478415,0.21812436
2025-08-20 21:30:00,solar.bun_hs2#realenergyintotheload#kwh,BUNDOORA,0.0,-0.35928857,-0.10067207,0.0
2025-08-20 22:00:00,solar.bun_hs2#realenergyintotheload#kwh,BUNDOORA,0.0,-0.1401127,0.009962961,0.009667783
2025-08-20 22:30:00,solar.bun_hs2#realenergyintotheload#kwh,BUNDOORA,0.0,-0.034666464,0.009962961,0.009667783
2025-08-20 23:00:00,solar.bun_hs2#realenergyintotheload#kwh,BUNDOORA,0.0,-0.051833987,0.0023684995,0.0022983267
2025-08-20 23:30:00,solar.bun_hs2#realenergyintotheload#kwh,BUNDOORA,0.0,-0.049564708,0.0023684995,0.0022983267
2025-08-21 00:00:00,solar.bun_hs2#realenergyintotheload#kwh,BUNDOORA,0.0,0.007469563,0.0017654534,0.0017131474
2025-08-21 00:30:00,solar.bun_hs2#realenergyintotheload#kwh,BUNDOORA,0.0,0.007469563,0.0017654534,0.0017131474
2025-08-21 01:00:00,solar.bun_hs2#realenergyintotheload#kwh,BUNDOORA,0.0,-0.016375357,0.0024710884,0.0023978762
2025-08-21 01:30:00,solar.bun_hs2#realenergyintotheload#kwh,BUNDOORA,0.0,-0.016375357,0.0024710884,0.0023978762
2025-08-21 02:00:00,solar.bun_hs2#realenergyintotheload#kwh,BUNDOORA,0.0,-0.016375357,0.0024710884,0.0023978762
2025-08-21 02:30:00,solar.bun_hs2#realenergyintotheload#kwh,BUNDOORA,0.0,-0.016375357,0.0015558106,0.0015097158
2025-08-21 03:00:00,solar.bun_hs2#realenergyintotheload#kwh,BUNDOORA,0.0,-0.08698364,0.09242022,0.08968204
2025-08-21 03:30:00,solar.bun_hs2#realenergyintotheload#kwh,BUNDOORA,0.0,-0.08925291,0.09242022,0.08968204
2025-08-21 04:00:00,solar.bun_hs2#realenergyintotheload#kwh,BUNDOORA,0.0,-0.08925291,0.09242022,0.08968204
2025-08-21 04:30:00,solar.bun_hs2#realenergyintotheload#kwh,BUNDOORA,0.0,-0.18750507,0.092635766,0.0898912
2025-08-21 05:00:00,solar.bun_hs2#realenergyintotheload#kwh,BUNDOORA,0.0,0.059250485,0.10023023,0.09726066
2025-08-21 05:30:00,solar.bun_hs2#realenergyintotheload#kwh,BUNDOORA,0.0,0.073330976,0.10023023,0.09726066
2025-08-21 06:00:00,solar.bun_hs2#realenergyintotheload#kwh,BUNDOORA,0.0,0.08742688,0.10023023,0.09726066
2025-08-21 06:30:00,solar.bun_hs2#realenergyintotheload#kwh,BUNDOORA,0.0,0.10818585,0.10023023,0.09726066
2025-08-21 07:00:00,solar.bun_hs2#realenergyintotheload#kwh,BUNDOORA,0.015625,0.5367106,0.0914289,0.08872009
2025-08-21 07:30:00,solar.bun_hs2#realenergyintotheload#kwh,BUNDOORA,0.28125,0.5899496,0.5059927,0.4910014
2025-08-21 08:00:00,solar.bun_hs2#realenergyintotheload#kwh,BUNDOORA,0.890625,1.4225869,2.1931307,2.1281538
2025-08-21 08:30:00,solar.bun_hs2#realenergyintotheload#kwh,BUNDOORA,2.15625,2.0111275,4.378685,4.2489557
2025-08-21 09:00:00,solar.bun_hs2#realenergyintotheload#kwh,BUNDOORA,4.578125,4.9132376,6.9610643,6.7548256
2025-08-21 09:30:00,solar.bun_hs2#realenergyintotheload#kwh,BUNDOORA,6.8125,4.9664726,10.610714,10.296345
2025-08-21 10:00:00,solar.bun_hs2#realenergyintotheload#kwh,BUNDOORA,8.328125,9.499122,13.127156,12.738232
2025-08-21 10:30:00,solar.bun_hs2#realenergyintotheload#kwh,BUNDOORA,9.421875,9.391644,14.602962,14.170312
2025-08-21 11:00:00,solar.bun_hs2#realenergyintotheload#kwh,BUNDOORA,10.125,7.451163,17.726667,17.201471
2025-08-21 11:30:00,solar.bun_hs2#realenergyintotheload#kwh,BUNDOORA,10.71875,6.016353,18.697264,18.14331
2025-08-21 12:00:00,solar.bun_hs2#realenergyintotheload#kwh,BUNDOORA,11.0625,10.9903345,19.434587,18.85879
2025-08-21 12:30:00,solar.bun_hs2#realenergyintotheload#kwh,BUNDOORA,11.09375,11.51083,19.82258,19.235287
2025-08-21 13:00:00,solar.bun_hs2#realenergyintotheload#kwh,BUNDOORA,10.921875,10.543669,19.973907,19.38213
2025-08-21 13:30:00,solar.bun_hs2#realenergyintotheload#kwh,BUNDOORA,10.3125,7.3064775,18.598839,18.047802
2025-08-21 14:00:00,solar.bun_hs2#realenergyintotheload#kwh,BUNDOORA,9.5,6.0435767,17.341652,16.827862
2025-08-21 14:30:00,solar.bun_hs2#realenergyintotheload#kwh,BUNDOORA,8.53125,7.60417,14.384957,13.958767
2025-08-21 15:00:00,solar.bun_hs2#realenergyintotheload#kwh,BUNDOORA,7.078125,2.1599574,12.95808,12.574164
2025-08-21 15:30:00,solar.bun_hs2#realenergyintotheload#kwh,BUNDOORA,4.984375,0.90052545,11.209526,10.877416
2025-08-21 16:00:00,solar.bun_hs2#realenergyintotheload#kwh,BUNDOORA,3.09375,2.2767048,7.4928513,7.270857
2025-08-21 16:30:00,solar.bun_hs2#realenergyintotheload#kwh,BUNDOORA,1.765625,3.166347,5.850812,5.677467
2025-08-21 17:00:00,solar.bun_hs2#realenergyintotheload#kwh,BUNDOORA,0.734375,1.5075496,3.4702346,3.3674202
2025-08-21 17:30:00,solar.bun_hs2#realenergyintotheload#kwh,BUNDOORA,0.140625,2.5121377,1.0718155,1.0400603
2025-08-21 18:00:00,solar.bun_hs2#realenergyintotheload#kwh,BUNDOORA,0.0,0.60301757,0.028047172,0.027216205
2025-08-21 18:30:00,solar.bun_hs2#realenergyintotheload#kwh,BUNDOORA,0.0,-0.29749355,0.017300168,0.016787607
2025-08-21 19:00:00,solar.bun_hs2#realenergyintotheload#kwh,BUNDOORA,0.0,-0.41415086,0.02337593,0.02268336
2025-08-21 19:30:00,solar.bun_hs2#realenergyintotheload#kwh,BUNDOORA,0.0,-0.18587089,0.05381169,0.052217387
2025-08-21 20:00:00,solar.bun_hs2#realenergyintotheload#kwh,BUNDOORA,0.0,0.37207714,0.061114803,0.059304126
2025-08-21 20:30:00,solar.bun_hs2#realenergyintotheload#kwh,BUNDOORA,0.0,-0.16218162,0.05381169,0.052217387
2025-08-21 21:00:00,solar.bun_hs2#realenergyintotheload#kwh,BUNDOORA,0.0,-0.0056661665,0.044896282,0.04356612
2025-08-21 21:30:00,solar.bun_hs2#realenergyintotheload#kwh,BUNDOORA,0.0,-0.11198295,0.060884133,0.059080288
2025-08-21 22:00:00,solar.bun_hs2#realenergyintotheload#kwh,BUNDOORA,0.0,0.009900351,0.04895734,0.047506858
2025-08-21 22:30:00,solar.bun_hs2#realenergyintotheload#kwh,BUNDOORA,0.0,-0.06554433,-0.010322915,0.0
2025-08-21 23:00:00,solar.bun_hs2#realenergyintotheload#kwh,BUNDOORA,0.0,-0.03313287,0.04420863,0.04289884
2025-08-21 23:30:00,solar.bun_hs2#realenergyintotheload#kwh,BUNDOORA,0.0,-0.02806345,0.0569247,0.055238165
2025-08-22 00:00:00,solar.bun_hs2#realenergyintotheload#kwh,BUNDOORA,0.0,-0.03353159,0.038556457,0.037414126
2025-08-22 00:30:00,solar.bun_hs2#realenergyintotheload#kwh,BUNDOORA,0.0,-0.0046507698,-0.0031318688,0.0
2025-08-22 01:00:00,solar.bun_hs2#realenergyintotheload#kwh,BUNDOORA,0.0,0.00967212,0.0031122481,0.00302004
2025-08-22 01:30:00,solar.bun_hs2#realenergyintotheload#kwh,BUNDOORA,0.0,-0.07223431,-0.005595826,0.0
2025-08-22 02:00:00,solar.bun_hs2#realenergyintotheload#kwh,BUNDOORA,0.0,0.01420342,-2.9194896e-05,0.0
2025-08-22 02:30:00,solar.bun_hs2#realenergyintotheload#kwh,BUNDOORA,0.0,0.016475365,-0.0054521686,0.0
2025-08-22 03:00:00,solar.bun_hs2#realenergyintotheload#kwh,BUNDOORA,0.0,0.006334057,0.0047248057,0.0045848214
2025-08-22 03:30:00,solar.bun_hs2#realenergyintotheload#kwh,BUNDOORA,0.0,-0.026535915,0.0047248057,0.0045848214
2025-08-22 04:00:00,solar.bun_hs2#realenergyintotheload#kwh,BUNDOORA,0.0,-0.030741367,0.0047248057,0.0045848214
2025-08-22 04:30:00,solar.bun_hs2#realenergyintotheload#kwh,BUNDOORA,0.0,-0.0056764926,-0.0054521686,0.0
2025-08-22 05:00:00,solar.bun_hs2#realenergyintotheload#kwh,BUNDOORA,0.0,0.16689473,-0.0045484426,0.0
2025-08-22 05:30:00,solar.bun_hs2#realenergyintotheload#kwh,BUNDOORA,0.0,0.015694182,-0.0036603562,0.0
2025-08-22 06:00:00,solar.bun_hs2#realenergyintotheload#kwh,BUNDOORA,0.0,0.0729453,-0.0019118343,0.0
2025-08-22 06:30:00,solar.bun_hs2#realenergyintotheload#kwh,BUNDOORA,0.0,0.012215905,0.0021762145,0.0021117388
2025-08-22 07:00:00,solar.bun_hs2#realenergyintotheload#kwh,BUNDOORA,0.03125,0.21169597,-0.0025777854,0.0
2025-08-22 07:30:00,solar.bun_hs2#realenergyintotheload#kwh,BUNDOORA,0.5,0.3676589,0.20848744,0.20231047
2025-08-22 08:00:00,solar.bun_hs2#realenergyintotheload#kwh,BUNDOORA,1.40625,0.4503036,1.0675607,1.0359315
2025-08-22 08:30:00,solar.bun_hs2#realenergyintotheload#kwh,BUNDOORA,1.875,0.9927858,2.2842314,2.2165554
2025-08-22 09:00:00,solar.bun_hs2#realenergyintotheload#kwh,BUNDOORA,2.453125,1.7009453,3.694162,3.5847132
2025-08-22 09:30:00,solar.bun_hs2#realenergyintotheload#kwh,BUNDOORA,3.53125,2.5912187,5.692262,5.523615
2025-08-22 10:00:00,solar.bun_hs2#realenergyintotheload#kwh,BUNDOORA,4.578125,3.2684355,7.057918,6.8488097
2025-08-22 10:30:00,solar.bun_hs2#realenergyintotheload#kwh,BUNDOORA,6.140625,6.110137,14.646738,14.212791
2025-08-22 11:00:00,solar.bun_hs2#realenergyintotheload#kwh,BUNDOORA,2.578125,7.266412,15.566281,15.105091
2025-08-22 11:30:00,solar.bun_hs2#realenergyintotheload#kwh,BUNDOORA,5.203125,5.892177,14.138595,13.719704
2025-08-22 12:00:00,solar.bun_hs2#realenergyintotheload#kwh,BUNDOORA,8.4375,3.6911502,16.934639,16.432907
2025-08-22 12:30:00,solar.bun_hs2#realenergyintotheload#kwh,BUNDOORA,10.109375,5.272598,16.184025,15.704533
2025-08-22 13:00:00,solar.bun_hs2#realenergyintotheload#kwh,BUNDOORA,6.828125,3.2895122,12.595632,12.222454
2025-08-22 13:30:00,solar.bun_hs2#realenergyintotheload#kwh,BUNDOORA,9.109375,5.05406,9.434023,9.154516
2025-08-22 14:00:00,solar.bun_hs2#realenergyintotheload#kwh,BUNDOORA,7.15625,5.387046,8.446967,8.196705
2025-08-22 14:30:00,solar.bun_hs2#realenergyintotheload#kwh,BUNDOORA,3.703125,4.775423,7.7509365,7.5212955
2025-08-22 15:00:00,solar.bun_hs2#realenergyintotheload#kwh,BUNDOORA,2.75,4.971617,6.8876762,6.6836114
2025-08-22 15:30:00,solar.bun_hs2#realenergyintotheload#kwh,BUNDOORA,4.484375,1.809692,5.8221207,5.649626
2025-08-22 16:00:00,solar.bun_hs2#realenergyintotheload#kwh,BUNDOORA,2.390625,1.9754455,4.3413167,4.212694
2025-08-22 16:30:00,solar.bun_hs2#realenergyintotheload#kwh,BUNDOORA,1.515625,2.162794,2.380597,2.310066
2025-08-22 17:00:00,solar.bun_hs2#realenergyintotheload#kwh,BUNDOORA,0.53125,2.0162096,1.2180474,1.1819596
2025-08-22 17:30:00,solar.bun_hs2#realenergyintotheload#kwh,BUNDOORA,0.0,2.3217916,0.39298046,0.38133743
2025-08-22 18:00:00,solar.bun_hs2#realenergyintotheload#kwh,BUNDOORA,0.0,0.8703742,-0.0014588282,0.0
2025-08-22 18:30:00,solar.bun_hs2#realenergyintotheload#kwh,BUNDOORA,0.0,0.45877677,0.005928683,0.005753031
2025-08-22 19:00:00,solar.bun_hs2#realenergyintotheload#kwh,BUNDOORA,0.0,0.17965609,0.015974846,0.015501551
2025-08-22 19:30:00,solar.bun_hs2#realenergyintotheload#kwh,BUNDOORA,0.0,0.037374463,0.017350635,0.016836578
2025-08-22 20:00:00,solar.bun_hs2#realenergyintotheload#kwh,BUNDOORA,0.0,0.0026577031,0.023381213,0.022688486
2025-08-22 20:30:00,solar.bun_hs2#realenergyintotheload#kwh,BUNDOORA,0.0,-0.04704545,0.020617947,0.020007089
2025-08-22 21:00:00,solar.bun_hs2#realenergyintotheload#kwh,BUNDOORA,0.0,-0.073860005,0.011909876,0.0115570165
2025-08-22 21:30:00,solar.bun_hs2#realenergyintotheload#kwh,BUNDOORA,0.0,-0.016520249,0.037619337,0.03650477
2025-08-22 22:00:00,solar.bun_hs2#realenergyintotheload#kwh,BUNDOORA,0.0,-0.016520249,0.00082230684,0.00079794397
2025-08-22 22:30:00,solar.bun_hs2#realenergyintotheload#kwh,BUNDOORA,0.0,-0.020482304,0.029312903,0.028444435
2025-08-22 23:00:00,solar.bun_hs2#realenergyintotheload#kwh,BUNDOORA,0.0,-0.06083551,-0.0027741469,0.0
2025-08-22 23:30:00,solar.bun_hs2#realenergyintotheload#kwh,BUNDOORA,0.0,-0.06815852,-0.0027741469,0.0
2025-08-23 00:00:00,solar.bun_hs2#realenergyintotheload#kwh,BUNDOORA,0.0,-0.06815852,-0.0027741469,0.0
2025-08-23 00:30:00,solar.bun_hs2#realenergyintotheload#kwh,BUNDOORA,0.0,-0.01257487,-0.0017951305,0.0
2025-08-23 01:00:00,solar.bun_hs2#realenergyintotheload#kwh,BUNDOORA,0.0,0.046948668,-0.002168918,0.0
2025-08-23 01:30:00,solar.bun_hs2#realenergyintotheload#kwh,BUNDOORA,0.0,0.65524524,-0.00413373,0.0
2025-08-23 02:00:00,solar.bun_hs2#realenergyintotheload#kwh,BUNDOORA,0.0,0.26975682,-0.012534138,0.0
2025-08-23 02:30:00,solar.bun_hs2#realenergyintotheload#kwh,BUNDOORA,0.0,0.27470738,-0.0010396361,0.0
2025-08-23 03:00:00,solar.bun_hs2#realenergyintotheload#kwh,BUNDOORA,0.0,0.2916078,-0.005904373,0.0
2025-08-23 03:30:00,solar.bun_hs2#realenergyintotheload#kwh,BUNDOORA,0.0,0.25418347,0.013633028,0.013229115
2025-08-23 04:00:00,solar.bun_hs2#realenergyintotheload#kwh,BUNDOORA,0.0,0.18160984,-0.0019059521,0.0
2025-08-23 04:30:00,solar.bun_hs2#realenergyintotheload#kwh,BUNDOORA,0.0,0.059343234,0.01031247,0.010006937
2025-08-23 05:00:00,solar.bun_hs2#realenergyintotheload#kwh,BUNDOORA,0.0,-0.008511009,-0.009972956,0.0
2025-08-23 05:30:00,solar.bun_hs2#realenergyintotheload#kwh,BUNDOORA,0.0,0.016610783,-0.001509055,0.0
2025-08-23 06:00:00,solar.bun_hs2#realenergyintotheload#kwh,BUNDOORA,0.0,-0.020387819,-0.001509055,0.0
2025-08-23 06:30:00,solar.bun_hs2#realenergyintotheload#kwh,BUNDOORA,0.0,-0.029919568,0.00850983,0.008257705
2025-08-23 07:00:00,solar.bun_hs2#realenergyintotheload#kwh,BUNDOORA,0.03125,0.1455353,-0.0015185657,0.0
2025-08-23 07:30:00,solar.bun_hs2#realenergyintotheload#kwh,BUNDOORA,0.34375,-0.0893794,0.35716906,0.34658703
2025-08-23 08:00:00,solar.bun_hs2#realenergyintotheload#kwh,BUNDOORA,0.828125,-0.13356093,1.2524945,1.2153862
2025-08-23 08:30:00,solar.bun_hs2#realenergyintotheload#kwh,BUNDOORA,1.125,0.36739087,2.6083398,2.5310612
2025-08-23 09:00:00,solar.bun_hs2#realenergyintotheload#kwh,BUNDOORA,2.109375,1.3816528,4.6531806,4.5153184
2025-08-23 09:30:00,solar.bun_hs2#realenergyintotheload#kwh,BUNDOORA,5.953125,2.429525,7.0530005,6.8440375
2025-08-23 10:00:00,solar.bun_hs2#realenergyintotheload#kwh,BUNDOORA,3.890625,4.30374,8.268514,8.023539
2025-08-23 10:30:00,solar.bun_hs2#realenergyintotheload#kwh,BUNDOORA,7.0625,3.719999,12.466789,12.097429
2025-08-23 11:00:00,solar.bun_hs2#realenergyintotheload#kwh,BUNDOORA,4.15625,2.769699,17.055855,16.550533
2025-08-23 11:30:00,solar.bun_hs2#realenergyintotheload#kwh,BUNDOORA,9.828125,2.0630336,19.081472,18.516136
2025-08-23 12:00:00,solar.bun_hs2#realenergyintotheload#kwh,BUNDOORA,11.890625,2.6143274,20.062965,19.46855
2025-08-23 12:30:00,solar.bun_hs2#realenergyintotheload#kwh,BUNDOORA,9.65625,4.9026785,20.338009,19.735445
2025-08-23 13:00:00,solar.bun_hs2#realenergyintotheload#kwh,BUNDOORA,8.84375,6.3190928,16.666155,16.172379
2025-08-23 13:30:00,solar.bun_hs2#realenergyintotheload#kwh,BUNDOORA,10.609375,5.9667625,13.389471,12.992774
2025-08-23 14:00:00,solar.bun_hs2#realenergyintotheload#kwh,BUNDOORA,9.40625,6.27102,12.246795,11.883953
2025-08-23 14:30:00,solar.bun_hs2#realenergyintotheload#kwh,BUNDOORA,5.953125,6.197742,11.184957,10.853574
2025-08-23 15:00:00,solar.bun_hs2#realenergyintotheload#kwh,BUNDOORA,5.703125,5.670201,9.986638,9.690759
2025-08-23 15:30:00,solar.bun_hs2#realenergyintotheload#kwh,BUNDOORA,5.40625,5.739224,8.342205,8.095046
2025-08-23 16:00:00,solar.bun_hs2#realenergyintotheload#kwh,BUNDOORA,3.484375,3.6958218,6.5555315,6.3613076
2025-08-23 16:30:00,solar.bun_hs2#realenergyintotheload#kwh,BUNDOORA,2.015625,6.9765153,6.039629,5.8606896
2025-08-23 17:00:00,solar.bun_hs2#realenergyintotheload#kwh,BUNDOORA,0.921875,0.83473533,2.3714554,2.3011951
2025-08-23 17:30:00,solar.bun_hs2#realenergyintotheload#kwh,BUNDOORA,0.21875,1.5704633,1.0950909,1.062646
2025-08-23 18:00:00,solar.bun_hs2#realenergyintotheload#kwh,BUNDOORA,0.0,1.3496023,0.0680479,0.06603181
2025-08-23 18:30:00,solar.bun_hs2#realenergyintotheload#kwh,BUNDOORA,0.0,0.744325,-0.018485073,0.0
2025-08-23 19:00:00,solar.bun_hs2#realenergyintotheload#kwh,BUNDOORA,0.0,0.042932015,0.0108260065,0.010505259
2025-08-23 19:30:00,solar.bun_hs2#realenergyintotheload#kwh,BUNDOORA,0.0,0.010582117,0.005132705,0.004980636
2025-08-23 20:00:00,solar.bun_hs2#realenergyintotheload#kwh,BUNDOORA,0.0,-0.1750045,0.0072893766,0.007073411
2025-08-23 20:30:00,solar.bun_hs2#realenergyintotheload#kwh,BUNDOORA,0.0,0.35314554,0.007073829,0.0068642492
2025-08-23 21:00:00,solar.bun_hs2#realenergyintotheload#kwh,BUNDOORA,0.0,0.07056273,0.0117904395,0.011441118
2025-08-23 21:30:00,solar.bun_hs2#realenergyintotheload#kwh,BUNDOORA,0.0,0.07056273,-0.001028458,0.0
2025-08-23 22:00:00,solar.bun_hs2#realenergyintotheload#kwh,BUNDOORA,0.0,0.077799834,-0.0081549585,0.0
2025-08-23 22:30:00,solar.bun_hs2#realenergyintotheload#kwh,BUNDOORA,0.0,0.06717692,-0.00956605,0.0
2025-08-23 23:00:00,solar.bun_hs2#realenergyintotheload#kwh,BUNDOORA,0.0,0.019849207,-0.00956605,0.0
2025-08-23 23:30:00,solar.bun_hs2#realenergyintotheload#kwh,BUNDOORA,0.0,0.048875503,-0.01077291,0.0
2025-08-24 00:00:00,solar.bun_hs2#realenergyintotheload#kwh,BUNDOORA,0.0,0.24037744,-0.009147361,0.0
2025-08-24 00:30:00,solar.bun_hs2#realenergyintotheload#kwh,BUNDOORA,0.0,0.15108575,-0.009504756,0.0
2025-08-24 01:00:00,solar.bun_hs2#realenergyintotheload#kwh,BUNDOORA,0.0,0.24038625,-0.009617029,0.0
2025-08-24 01:30:00,solar.bun_hs2#realenergyintotheload#kwh,BUNDOORA,0.0,0.24037744,-0.004131088,0.0
2025-08-24 02:00:00,solar.bun_hs2#realenergyintotheload#kwh,BUNDOORA,0.0,0.20272516,-0.004131088,0.0
2025-08-24 02:30:00,solar.bun_hs2#realenergyintotheload#kwh,BUNDOORA,0.0,0.20217359,-0.004131088,0.0
2025-08-24 03:00:00,solar.bun_hs2#realenergyintotheload#kwh,BUNDOORA,0.0,0.22157958,-0.0003691774,0.0
2025-08-24 03:30:00,solar.bun_hs2#realenergyintotheload#kwh,BUNDOORA,0.0,0.23172706,0.011774305,0.011425462
2025-08-24 04:00:00,solar.bun_hs2#realenergyintotheload#kwh,BUNDOORA,0.0,0.23172706,0.019692881,0.01910943
2025-08-24 04:30:00,solar.bun_hs2#realenergyintotheload#kwh,BUNDOORA,0.0,0.089875266,-0.0030535194,0.0
2025-08-24 05:00:00,solar.bun_hs2#realenergyintotheload#kwh,BUNDOORA,0.0,0.7167166,-0.002161535,0.0
2025-08-24 05:30:00,solar.bun_hs2#realenergyintotheload#kwh,BUNDOORA,0.0,-0.13410297,0.0010296768,0.00099917
2025-08-24 06:00:00,solar.bun_hs2#realenergyintotheload#kwh,BUNDOORA,0.0,-0.15996781,0.0010296768,0.00099917
2025-08-24 06:30:00,solar.bun_hs2#realenergyintotheload#kwh,BUNDOORA,0.0,0.3973487,5.459893e-05,5.29813e-05
2025-08-24 07:00:00,solar.bun_hs2#realenergyintotheload#kwh,BUNDOORA,0.0625,-0.09873781,5.459893e-05,5.29813e-05
2025-08-24 07:30:00,solar.bun_hs2#realenergyintotheload#kwh,BUNDOORA,0.46875,0.116155766,0.5548854,0.53844553
2025-08-24 08:00:00,solar.bun_hs2#realenergyintotheload#kwh,BUNDOORA,1.203125,0.5684498,1.986107,1.9272636
2025-08-24 08:30:00,solar.bun_hs2#realenergyintotheload#kwh,BUNDOORA,2.78125,0.15692925,4.1515837,4.0285826
2025-08-24 09:00:00,solar.bun_hs2#realenergyintotheload#kwh,BUNDOORA,5.15625,1.0340544,6.872029,6.668428
2025-08-24 09:30:00,solar.bun_hs2#realenergyintotheload#kwh,BUNDOORA,7.171875,2.214826,10.735895,10.417817
2025-08-24 10:00:00,solar.bun_hs2#realenergyintotheload#kwh,BUNDOORA,9.1875,7.679775,13.682155,13.276787
2025-08-24 10:30:00,solar.bun_hs2#realenergyintotheload#kwh,BUNDOORA,9.984375,7.094504,16.376825,15.891621
2025-08-24 11:00:00,solar.bun_hs2#realenergyintotheload#kwh,BUNDOORA,10.828125,3.3657906,19.30882,18.736748
2025-08-24 11:30:00,solar.bun_hs2#realenergyintotheload#kwh,BUNDOORA,11.453125,5.317433,20.139591,19.542906
2025-08-24 12:00:00,solar.bun_hs2#realenergyintotheload#kwh,BUNDOORA,9.0,5.5573435,21.086561,20.461819
2025-08-24 12:30:00,solar.bun_hs2#realenergyintotheload#kwh,BUNDOORA,11.8125,4.3327622,21.653011,21.011486
2025-08-24 13:00:00,solar.bun_hs2#realenergyintotheload#kwh,BUNDOORA,11.59375,6.520356,21.342913,20.710575
2025-08-24 13:30:00,solar.bun_hs2#realenergyintotheload#kwh,BUNDOORA,10.90625,5.7484016,20.321526,19.71945
2025-08-24 14:00:00,solar.bun_hs2#realenergyintotheload#kwh,BUNDOORA,10.015625,1.7199093,18.966103,18.404184
2025-08-24 14:30:00,solar.bun_hs2#realenergyintotheload#kwh,BUNDOORA,9.03125,0.29459298,17.452421,16.93535
2025-08-24 15:00:00,solar.bun_hs2#realenergyintotheload#kwh,BUNDOORA,7.515625,5.317951,14.219502,13.798214
2025-08-24 15:30:00,solar.bun_hs2#realenergyintotheload#kwh,BUNDOORA,5.5,5.488245,12.587261,12.214332
2025-08-24 16:00:00,solar.bun_hs2#realenergyintotheload#kwh,BUNDOORA,3.5625,2.5648682,8.807924,8.5469675
2025-08-24 16:30:00,solar.bun_hs2#realenergyintotheload#kwh,BUNDOORA,2.015625,4.1358724,6.5616145,6.3672104
2025-08-24 17:00:00,solar.bun_hs2#realenergyintotheload#kwh,BUNDOORA,0.90625,2.0168462,3.2775495,3.180444
2025-08-24 17:30:00,solar.bun_hs2#realenergyintotheload#kwh,BUNDOORA,0.1875,2.3257167,1.3801577,1.3392671
2025-08-24 18:00:00,solar.bun_hs2#realenergyintotheload#kwh,BUNDOORA,0.0,1.0068632,0.11477403,0.111373566
2025-08-24 18:30:00,solar.bun_hs2#realenergyintotheload#kwh,BUNDOORA,0.0,0.057482164,0.012680447,0.012304757
2025-08-24 19:00:00,solar.bun_hs2#realenergyintotheload#kwh,BUNDOORA,0.0,0.10525736,-0.002167864,0.0
2025-08-24 19:30:00,solar.bun_hs2#realenergyintotheload#kwh,BUNDOORA,0.0,0.06274793,-0.0022194209,0.0
2025-08-24 20:00:00,solar.bun_hs2#realenergyintotheload#kwh,BUNDOORA,0.0,0.03496201,0.03277971,0.03180853
2025-08-24 20:30:00,solar.bun_hs2#realenergyintotheload#kwh,BUNDOORA,0.0,0.021387992,0.032831267,0.03185856
2025-08-24 21:00:00,solar.bun_hs2#realenergyintotheload#kwh,BUNDOORA,0.0,0.018846175,0.017240731,0.01672993
2025-08-24 21:30:00,solar.bun_hs2#realenergyintotheload#kwh,BUNDOORA,0.0,0.03209523,0.018156009,0.017618092
2025-08-24 22:00:00,solar.bun_hs2#realenergyintotheload#kwh,BUNDOORA,0.0,0.05574984,0.018156009,0.017618092
2025-08-24 22:30:00,solar.bun_hs2#realenergyintotheload#kwh,BUNDOORA,0.0,0.027524421,-0.00080341904,0.0
2025-08-24 23:00:00,solar.bun_hs2#realenergyintotheload#kwh,BUNDOORA,0.0,0.027524421,-0.00080341904,0.0
2025-08-24 23:30:00,solar.bun_hs2#realenergyintotheload#kwh,BUNDOORA,0.0,0.034387644,-0.0020102803,0.0
2025-08-25 00:00:00,solar.bun_hs2#realenergyintotheload#kwh,BUNDOORA,0.0,0.048431903,-0.001509055,0.0
2025-08-25 00:30:00,solar.bun_hs2#realenergyintotheload#kwh,BUNDOORA,0.0,0.03564031,0.00850983,0.008257705
2025-08-25 01:00:00,solar.bun_hs2#realenergyintotheload#kwh,BUNDOORA,0.0,-0.042844467,0.001504348,0.0014597779
2025-08-25 01:30:00,solar.bun_hs2#realenergyintotheload#kwh,BUNDOORA,0.0,-0.0635089,0.001504348,0.0014597779
2025-08-25 02:00:00,solar.bun_hs2#realenergyintotheload#kwh,BUNDOORA,0.0,0.014654746,0.003256897,0.0031604033
2025-08-25 02:30:00,solar.bun_hs2#realenergyintotheload#kwh,BUNDOORA,0.0,0.049861252,0.0023416197,0.0022722434
2025-08-25 03:00:00,solar.bun_hs2#realenergyintotheload#kwh,BUNDOORA,0.0,0.19053677,-0.0015007711,0.0
2025-08-25 03:30:00,solar.bun_hs2#realenergyintotheload#kwh,BUNDOORA,0.0,0.14730275,-0.0037686857,0.0
2025-08-25 04:00:00,solar.bun_hs2#realenergyintotheload#kwh,BUNDOORA,0.0,-0.026088025,-0.0037686857,0.0
2025-08-25 04:30:00,solar.bun_hs2#realenergyintotheload#kwh,BUNDOORA,0.0,-0.039662033,-0.010041723,0.0
2025-08-25 05:00:00,solar.bun_hs2#realenergyintotheload#kwh,BUNDOORA,0.0,-0.11762497,-0.0008564958,0.0
2025-08-25 05:30:00,solar.bun_hs2#realenergyintotheload#kwh,BUNDOORA,0.0,0.025234327,-0.007878603,0.0
2025-08-25 06:00:00,solar.bun_hs2#realenergyintotheload#kwh,BUNDOORA,0.0,0.042821668,0.0040439805,0.0039241672
2025-08-25 06:30:00,solar.bun_hs2#realenergyintotheload#kwh,BUNDOORA,0.0,-0.022656841,0.002077694,0.0020161371
2025-08-25 07:00:00,solar.bun_hs2#realenergyintotheload#kwh,BUNDOORA,0.0625,-0.0018740403,-0.0012264132,0.0
2025-08-25 07:30:00,solar.bun_hs2#realenergyintotheload#kwh,BUNDOORA,0.5,0.22118632,0.4140571,0.40178964
2025-08-25 08:00:00,solar.bun_hs2#realenergyintotheload#kwh,BUNDOORA,1.46875,0.691317,1.5684242,1.5219557
2025-08-25 08:30:00,solar.bun_hs2#realenergyintotheload#kwh,BUNDOORA,3.984375,0.89744526,3.5428097,3.4378452
2025-08-25 09:00:00,solar.bun_hs2#realenergyintotheload#kwh,BUNDOORA,4.5625,2.037326,5.314255,5.156807
2025-08-25 09:30:00,solar.bun_hs2#realenergyintotheload#kwh,BUNDOORA,5.265625,2.7573981,9.221306,8.948102
2025-08-25 10:00:00,solar.bun_hs2#realenergyintotheload#kwh,BUNDOORA,3.078125,4.562135,11.619102,11.274857
2025-08-25 10:30:00,solar.bun_hs2#realenergyintotheload#kwh,BUNDOORA,5.234375,3.6487439,7.5181155,7.2953725
2025-08-25 11:00:00,solar.bun_hs2#realenergyintotheload#kwh,BUNDOORA,8.953125,2.1858652,8.429248,8.17951
2025-08-25 11:30:00,solar.bun_hs2#realenergyintotheload#kwh,BUNDOORA,9.171875,5.6774817,15.471257,15.012882
2025-08-25 12:00:00,solar.bun_hs2#realenergyintotheload#kwh,BUNDOORA,6.375,7.2571588,15.512263,15.052673
2025-08-25 12:30:00,solar.bun_hs2#realenergyintotheload#kwh,BUNDOORA,5.4375,7.251015,19.009964,18.446747
2025-08-25 13:00:00,solar.bun_hs2#realenergyintotheload#kwh,BUNDOORA,5.59375,5.323253,16.063065,15.587156
2025-08-25 13:30:00,solar.bun_hs2#realenergyintotheload#kwh,BUNDOORA,6.25,4.102712,15.293618,14.840507
2025-08-25 14:00:00,solar.bun_hs2#realenergyintotheload#kwh,BUNDOORA,7.546875,2.6311083,14.446683,14.018663
2025-08-25 14:30:00,solar.bun_hs2#realenergyintotheload#kwh,BUNDOORA,5.21875,3.9886487,13.863891,13.453138
2025-08-25 15:00:00,solar.bun_hs2#realenergyintotheload#kwh,BUNDOORA,4.625,4.424944,11.665158,11.319549
2025-08-25 15:30:00,solar.bun_hs2#realenergyintotheload#kwh,BUNDOORA,2.125,5.6008945,9.462547,9.182196
2025-08-25 16:00:00,solar.bun_hs2#realenergyintotheload#kwh,BUNDOORA,,4.0726485,6.544574,6.3506746
2025-08-25 16:30:00,solar.bun_hs2#realenergyintotheload#kwh,BUNDOORA,,1.4990889,3.4738514,3.37093
2025-08-25 17:00:00,solar.bun_hs2#realenergyintotheload#kwh,BUNDOORA,,1.2201004,0.96146756,0.93298167
2025-08-25 17:30:00,solar.bun_hs2#realenergyintotheload#kwh,BUNDOORA,,0.5776907,0.9594847,0.9310576
2025-08-25 18:00:00,solar.bun_hs2#realenergyintotheload#kwh,BUNDOORA,,0.7670267,0.04960835,0.048138577
2025-08-25 18:30:00,solar.bun_hs2#realenergyintotheload#kwh,BUNDOORA,,0.050682545,-0.055148862,0.0
2025-08-25 19:00:00,solar.bun_hs2#realenergyintotheload#kwh,BUNDOORA,,0.19390006,0.069824554,0.067755826
2025-08-25 19:30:00,solar.bun_hs2#realenergyintotheload#kwh,BUNDOORA,,0.1651232,0.020566637,0.019957298
2025-08-25 20:00:00,solar.bun_hs2#realenergyintotheload#kwh,BUNDOORA,,0.12443399,0.044468917,0.043151416
2025-08-25 20:30:00,solar.bun_hs2#realenergyintotheload#kwh,BUNDOORA,,0.04391667,0.020422978,0.019817896
2025-08-25 21:00:00,solar.bun_hs2#realenergyintotheload#kwh,BUNDOORA,,-0.03263752,0.08950557,0.08685374
2025-08-25 21:30:00,solar.bun_hs2#realenergyintotheload#kwh,BUNDOORA,,0.035406977,0.040516414,0.039316013
2025-08-25 22:00:00,solar.bun_hs2#realenergyintotheload#kwh,BUNDOORA,,0.03190254,0.026060736,0.025288621
2025-08-25 22:30:00,solar.bun_hs2#realenergyintotheload#kwh,BUNDOORA,,0.14531197,0.021482954,0.020846467
2025-08-25 23:00:00,solar.bun_hs2#realenergyintotheload#kwh,BUNDOORA,,-0.1476913,-0.073403716,0.0
2025-08-25 23:30:00,solar.bun_hs2#realenergyintotheload#kwh,BUNDOORA,,-0.1476913,-0.05894608,0.0
2025-08-26 00:00:00,solar.bun_hs2#realenergyintotheload#kwh,BUNDOORA,,-0.07514172,0.060384624,0.05859558
2025-08-26 00:30:00,solar.bun_hs2#realenergyintotheload#kwh,BUNDOORA,,-0.1833511,-0.013200793,0.0
2025-08-26 01:00:00,solar.bun_hs2#realenergyintotheload#kwh,BUNDOORA,,-0.02019595,-0.064228974,0.0
2025-08-26 01:30:00,solar.bun_hs2#realenergyintotheload#kwh,BUNDOORA,,-0.29841596,0.0043878253,0.0042578247
2025-08-26 02:00:00,solar.bun_hs2#realenergyintotheload#kwh,BUNDOORA,,0.63124436,0.20405252,0.19800696
2025-08-26 02:30:00,solar.bun_hs2#realenergyintotheload#kwh,BUNDOORA,,1.034595,0.14771837,0.14334184
2025-08-26 03:00:00,solar.bun_hs2#realenergyintotheload#kwh,BUNDOORA,,0.6654216,-0.062252775,0.0
2025-08-26 03:30:00,solar.bun_hs2#realenergyintotheload#kwh,BUNDOORA,,0.9585242,-0.03701985,0.0
2025-08-26 04:00:00,solar.bun_hs2#realenergyintotheload#kwh,BUNDOORA,,0.6692185,0.0051424946,0.0049901353
2025-08-26 04:30:00,solar.bun_hs2#realenergyintotheload#kwh,BUNDOORA,,0.52905697,0.0051424946,0.0049901353
2025-08-26 05:00:00,solar.bun_hs2#realenergyintotheload#kwh,BUNDOORA,,-0.13872075,0.16776147,0.16279112
2025-08-26 05:30:00,solar.bun_hs2#realenergyintotheload#kwh,BUNDOORA,,-0.058495004,0.16776147,0.16279112
2025-08-26 06:00:00,solar.bun_hs2#realenergyintotheload#kwh,BUNDOORA,,0.9001725,0.107261166,0.104083285
2025-08-26 06:30:00,solar.bun_hs2#realenergyintotheload#kwh,BUNDOORA,,0.47559008,-0.022562739,0.0
2025-08-26 07:00:00,solar.bun_hs2#realenergyintotheload#kwh,BUNDOORA,,1.627788,0.19088043,0.18522513
2025-08-26 07:30:00,solar.bun_hs2#realenergyintotheload#kwh,BUNDOORA,,0.52349406,0.44216323,0.42906305
2025-08-26 08:00:00,solar.bun_hs2#realenergyintotheload#kwh,BUNDOORA,,1.3284045,0.97404766,0.94518906
2025-08-26 08:30:00,solar.bun_hs2#realenergyintotheload#kwh,BUNDOORA,,2.4542499,2.2505825,2.1839032
2025-08-26 09:00:00,solar.bun_hs2#realenergyintotheload#kwh,BUNDOORA,,2.5043545,3.3901634,3.2897213
2025-08-26 09:30:00,solar.bun_hs2#realenergyintotheload#kwh,BUNDOORA,,3.04226,4.3572044,4.2281113
2025-08-26 10:00:00,solar.bun_hs2#realenergyintotheload#kwh,BUNDOORA,,3.0460174,5.3205013,5.162868
2025-08-26 10:30:00,solar.bun_hs2#realenergyintotheload#kwh,BUNDOORA,,2.5685503,5.9667754,5.7899947
2025-08-26 11:00:00,solar.bun_hs2#realenergyintotheload#kwh,BUNDOORA,,6.471075,6.6038995,6.408242
2025-08-26 11:30:00,solar.bun_hs2#realenergyintotheload#kwh,BUNDOORA,,9.470322,6.878379,6.6745896
2025-08-26 12:00:00,solar.bun_hs2#realenergyintotheload#kwh,BUNDOORA,,5.1842127,6.3409123,6.153047
2025-08-26 12:30:00,solar.bun_hs2#realenergyintotheload#kwh,BUNDOORA,,5.5749164,5.794675,5.622993
2025-08-26 13:00:00,solar.bun_hs2#realenergyintotheload#kwh,BUNDOORA,,6.5395846,5.60191,5.4359393
2025-08-26 13:30:00,solar.bun_hs2#realenergyintotheload#kwh,BUNDOORA,,4.2650924,5.621642,5.4550867
2025-08-26 14:00:00,solar.bun_hs2#realenergyintotheload#kwh,BUNDOORA,,3.6535103,5.2005115,5.0464334
2025-08-26 14:30:00,solar.bun_hs2#realenergyintotheload#kwh,BUNDOORA,,1.8953435,4.3080797,4.180442
2025-08-26 15:00:00,solar.bun_hs2#realenergyintotheload#kwh,BUNDOORA,,1.989945,3.3881261,3.2877445
2025-08-26 15:30:00,solar.bun_hs2#realenergyintotheload#kwh,BUNDOORA,,1.2513924,3.1095738,3.0174448
2025-08-26 16:00:00,solar.bun_hs2#realenergyintotheload#kwh,BUNDOORA,,0.85008633,2.5097363,2.435379
2025-08-26 16:30:00,solar.bun_hs2#realenergyintotheload#kwh,BUNDOORA,,0.641797,1.7014124,1.6510038
2025-08-26 17:00:00,solar.bun_hs2#realenergyintotheload#kwh,BUNDOORA,,0.7628114,0.8000162,0.7763137
2025-08-26 17:30:00,solar.bun_hs2#realenergyintotheload#kwh,BUNDOORA,,0.5602805,0.25394613,0.24642234
2025-08-26 18:00:00,solar.bun_hs2#realenergyintotheload#kwh,BUNDOORA,,0.09424978,-0.0007614902,0.0
2025-08-26 18:30:00,solar.bun_hs2#realenergyintotheload#kwh,BUNDOORA,,-0.09274893,0.0043591834,0.0042300317
2025-08-26 19:00:00,solar.bun_hs2#realenergyintotheload#kwh,BUNDOORA,,-0.11789403,0.027659293,0.026839817
2025-08-26 19:30:00,solar.bun_hs2#realenergyintotheload#kwh,BUNDOORA,,-0.04772936,-0.017390748,0.0
2025-08-26 20:00:00,solar.bun_hs2#realenergyintotheload#kwh,BUNDOORA,,-0.2042802,0.018315397,0.017772758
2025-08-26 20:30:00,solar.bun_hs2#realenergyintotheload#kwh,BUNDOORA,,-0.34529442,0.008336511,0.008089521
2025-08-26 21:00:00,solar.bun_hs2#realenergyintotheload#kwh,BUNDOORA,,-0.03052647,0.00080908166,0.0007851106
2025-08-26 21:30:00,solar.bun_hs2#realenergyintotheload#kwh,BUNDOORA,,-0.00026059803,-0.021515539,0.0
2025-08-26 22:00:00,solar.bun_hs2#realenergyintotheload#kwh,BUNDOORA,,-0.00026059803,-0.021771818,0.0
2025-08-26 22:30:00,solar.bun_hs2#realenergyintotheload#kwh,BUNDOORA,,-0.011859067,-0.0001790564,0.0
2025-08-26 23:00:00,solar.bun_hs2#realenergyintotheload#kwh,BUNDOORA,,-0.01783288,-0.0052361954,0.0
2025-08-26 23:30:00,solar.bun_hs2#realenergyintotheload#kwh,BUNDOORA,,-0.022275982,-0.0049475413,0.0
2025-08-27 00:00:00,solar.bun_hs2#realenergyintotheload#kwh,BUNDOORA,,-0.022275982,-0.004335338,0.0
2025-08-27 00:30:00,solar.bun_hs2#realenergyintotheload#kwh,BUNDOORA,,-0.06461832,-0.004335338,0.0
2025-08-27 01:00:00,solar.bun_hs2#realenergyintotheload#kwh,BUNDOORA,,-0.03940705,-0.004335338,0.0
2025-08-27 01:30:00,solar.bun_hs2#realenergyintotheload#kwh,BUNDOORA,,-0.060755953,0.013298586,0.012904583
2025-08-27 02:00:00,solar.bun_hs2#realenergyintotheload#kwh,BUNDOORA,,-0.11275474,-0.002308848,0.0
2025-08-27 02:30:00,solar.bun_hs2#realenergyintotheload#kwh,BUNDOORA,,-0.027564768,0.0028612337,0.0027764624
2025-08-27 03:00:00,solar.bun_hs2#realenergyintotheload#kwh,BUNDOORA,,-0.13201863,0.019689362,0.019106016
2025-08-27 03:30:00,solar.bun_hs2#realenergyintotheload#kwh,BUNDOORA,,0.021190327,-0.00097632606,0.0
2025-08-27 04:00:00,solar.bun_hs2#realenergyintotheload#kwh,BUNDOORA,,0.021190327,0.010723509,0.010405798
2025-08-27 04:30:00,solar.bun_hs2#realenergyintotheload#kwh,BUNDOORA,,0.007954951,0.011047289,0.010719985
2025-08-27 05:00:00,solar.bun_hs2#realenergyintotheload#kwh,BUNDOORA,,-0.013640074,0.0054806545,0.0053182766
2025-08-27 05:30:00,solar.bun_hs2#realenergyintotheload#kwh,BUNDOORA,,-0.06696948,0.0054806545,0.0053182766
2025-08-27 06:00:00,solar.bun_hs2#realenergyintotheload#kwh,BUNDOORA,,0.067580506,0.047219828,0.04582082
2025-08-27 06:30:00,solar.bun_hs2#realenergyintotheload#kwh,BUNDOORA,,0.11340375,0.00360283,0.0034960872
2025-08-27 07:00:00,solar.bun_hs2#realenergyintotheload#kwh,BUNDOORA,,0.41565502,-0.004120909,0.0
2025-08-27 07:30:00,solar.bun_hs2#realenergyintotheload#kwh,BUNDOORA,,0.88527507,0.58971745,0.5722456
2025-08-27 08:00:00,solar.bun_hs2#realenergyintotheload#kwh,BUNDOORA,,1.28814,1.7109216,1.6602314
2025-08-27 08:30:00,solar.bun_hs2#realenergyintotheload#kwh,BUNDOORA,,2.9061954,3.3132133,3.2150512
2025-08-27 09:00:00,solar.bun_hs2#realenergyintotheload#kwh,BUNDOORA,,3.2710483,5.139697,4.9874206
2025-08-27 09:30:00,solar.bun_hs2#realenergyintotheload#kwh,BUNDOORA,,3.6578088,7.0522704,6.8433294
2025-08-27 10:00:00,solar.bun_hs2#realenergyintotheload#kwh,BUNDOORA,,1.668139,8.671534,8.414618
2025-08-27 10:30:00,solar.bun_hs2#realenergyintotheload#kwh,BUNDOORA,,3.7796013,9.504206,9.22262
2025-08-27 11:00:00,solar.bun_hs2#realenergyintotheload#kwh,BUNDOORA,,5.2260118,9.989872,9.693897
2025-08-27 11:30:00,solar.bun_hs2#realenergyintotheload#kwh,BUNDOORA,,6.600413,9.979577,9.6839075
2025-08-27 12:00:00,solar.bun_hs2#realenergyintotheload#kwh,BUNDOORA,,5.3292704,10.048967,9.751242
2025-08-27 12:30:00,solar.bun_hs2#realenergyintotheload#kwh,BUNDOORA,,6.3098965,9.970326,9.674931
2025-08-27 13:00:00,solar.bun_hs2#realenergyintotheload#kwh,BUNDOORA,,9.022523,9.664368,9.3780365
2025-08-27 13:30:00,solar.bun_hs2#realenergyintotheload#kwh,BUNDOORA,,5.9254484,9.487911,9.206808
2025-08-27 14:00:00,solar.bun_hs2#realenergyintotheload#kwh,BUNDOORA,,5.894506,8.941297,8.676389
2025-08-27 14:30:00,solar.bun_hs2#realenergyintotheload#kwh,BUNDOORA,,2.7901669,7.6881447,7.4603643
2025-08-27 15:00:00,solar.bun_hs2#realenergyintotheload#kwh,BUNDOORA,,2.6945329,6.7564025,6.556227
2025-08-27 15:30:00,solar.bun_hs2#realenergyintotheload#kwh,BUNDOORA,,2.9529297,6.025427,5.8469086
2025-08-27 16:00:00,solar.bun_hs2#realenergyintotheload#kwh,BUNDOORA,,1.8379538,4.6633306,4.525168
2025-08-27 16:30:00,solar.bun_hs2#realenergyintotheload#kwh,BUNDOORA,,1.2191164,3.0644257,2.9736345
2025-08-27 17:00:00,solar.bun_hs2#realenergyintotheload#kwh,BUNDOORA,,0.59395695,1.5968028,1.5494936
2025-08-27 17:30:00,solar.bun_hs2#realenergyintotheload#kwh,BUNDOORA,,0.27506784,0.5555245,0.5390657
2025-08-27 18:00:00,solar.bun_hs2#realenergyintotheload#kwh,BUNDOORA,,0.21800546,0.06258364,0.060729444
2025-08-27 18:30:00,solar.bun_hs2#realenergyintotheload#kwh,BUNDOORA,,0.06815378,0.006774928,0.0065742037
2025-08-27 19:00:00,solar.bun_hs2#realenergyintotheload#kwh,BUNDOORA,,-0.026743887,-0.0013689412,0.0
2025-08-27 19:30:00,solar.bun_hs2#realenergyintotheload#kwh,BUNDOORA,,-0.03892002,-0.0013689412,0.0
2025-08-27 20:00:00,solar.bun_hs2#realenergyintotheload#kwh,BUNDOORA,,-0.03852721,0.006774928,0.0065742037
2025-08-27 20:30:00,solar.bun_hs2#realenergyintotheload#kwh,BUNDOORA,,-0.03852721,0.0068092323,0.0066074915
2025-08-27 21:00:00,solar.bun_hs2#realenergyintotheload#kwh,BUNDOORA,,-0.0027325093,-0.0015712094,0.0
2025-08-27 21:30:00,solar.bun_hs2#realenergyintotheload#kwh,BUNDOORA,,-0.07941307,-0.0018274891,0.0
2025-08-27 22:00:00,solar.bun_hs2#realenergyintotheload#kwh,BUNDOORA,,-0.004141232,-0.0015712094,0.0
2025-08-27 22:30:00,solar.bun_hs2#realenergyintotheload#kwh,BUNDOORA,,-0.0064131683,-0.0016523867,0.0
2025-08-27 23:00:00,solar.bun_hs2#realenergyintotheload#kwh,BUNDOORA,,0.010194628,-0.0031048497,0.0
2025-08-27 23:30:00,solar.bun_hs2#realenergyintotheload#kwh,BUNDOORA,,0.010194628,0.001127526,0.0010941203
2025-08-28 00:00:00,solar.bun_hs2#realenergyintotheload#kwh,BUNDOORA,,-0.030386746,6.414499e-05,6.224453e-05
2025-08-28 00:30:00,solar.bun_hs2#realenergyintotheload#kwh,BUNDOORA,,-0.06884024,0.007509815,0.007287318
2025-08-28 01:00:00,solar.bun_hs2#realenergyintotheload#kwh,BUNDOORA,,0.0076301806,0.00060173555,0.00058390765
2025-08-28 01:30:00,solar.bun_hs2#realenergyintotheload#kwh,BUNDOORA,,-0.013964849,0.00045807794,0.00044450624
2025-08-28 02:00:00,solar.bun_hs2#realenergyintotheload#kwh,BUNDOORA,,-0.04826502,0.005125858,0.0049739913
2025-08-28 02:30:00,solar.bun_hs2#realenergyintotheload#kwh,BUNDOORA,,-0.023913082,0.0129086245,0.012526174
2025-08-28 03:00:00,solar.bun_hs2#realenergyintotheload#kwh,BUNDOORA,,-0.023913082,0.004861106,0.0047170836
2025-08-28 03:30:00,solar.bun_hs2#realenergyintotheload#kwh,BUNDOORA,,-0.042189877,0.009315911,0.009039904
2025-08-28 04:00:00,solar.bun_hs2#realenergyintotheload#kwh,BUNDOORA,,-0.05047163,0.013673921,0.013268797
2025-08-28 04:30:00,solar.bun_hs2#realenergyintotheload#kwh,BUNDOORA,,0.07691498,0.0052179107,0.0050633173
2025-08-28 05:00:00,solar.bun_hs2#realenergyintotheload#kwh,BUNDOORA,,-0.10546531,0.0061780503,0.00599501
2025-08-28 05:30:00,solar.bun_hs2#realenergyintotheload#kwh,BUNDOORA,,-0.0898622,0.006290496,0.0061041242
2025-08-28 06:00:00,solar.bun_hs2#realenergyintotheload#kwh,BUNDOORA,,-0.07576631,-0.003516064,0.0
2025-08-28 06:30:00,solar.bun_hs2#realenergyintotheload#kwh,BUNDOORA,,0.023399007,0.0010610631,0.0010296265
2025-08-28 07:00:00,solar.bun_hs2#realenergyintotheload#kwh,BUNDOORA,,0.23982428,0.0041846884,0.0040607066
2025-08-28 07:30:00,solar.bun_hs2#realenergyintotheload#kwh,BUNDOORA,,0.08835478,0.3653361,0.3545121
2025-08-28 08:00:00,solar.bun_hs2#realenergyintotheload#kwh,BUNDOORA,,0.17354016,1.3469667,1.3070595
2025-08-28 08:30:00,solar.bun_hs2#realenergyintotheload#kwh,BUNDOORA,,0.8674969,3.104734,3.0127485
2025-08-28 09:00:00,solar.bun_hs2#realenergyintotheload#kwh,BUNDOORA,,1.8783785,4.552239,4.4173675
2025-08-28 09:30:00,solar.bun_hs2#realenergyintotheload#kwh,BUNDOORA,,2.849328,6.678207,6.480348
2025-08-28 10:00:00,solar.bun_hs2#realenergyintotheload#kwh,BUNDOORA,,2.3971274,7.129664,6.91843
2025-08-28 10:30:00,solar.bun_hs2#realenergyintotheload#kwh,BUNDOORA,,4.0029345,7.292378,7.076323
2025-08-28 11:00:00,solar.bun_hs2#realenergyintotheload#kwh,BUNDOORA,,3.4387689,7.9252863,7.6904798
2025-08-28 11:30:00,solar.bun_hs2#realenergyintotheload#kwh,BUNDOORA,,5.178673,8.333305,8.0864105
2025-08-28 12:00:00,solar.bun_hs2#realenergyintotheload#kwh,BUNDOORA,,6.174603,8.885434,8.622181
2025-08-28 12:30:00,solar.bun_hs2#realenergyintotheload#kwh,BUNDOORA,,6.196145,9.100538,8.830912
2025-08-28 13:00:00,solar.bun_hs2#realenergyintotheload#kwh,BUNDOORA,,7.0063195,9.289711,9.01448
2025-08-28 13:30:00,solar.bun_hs2#realenergyintotheload#kwh,BUNDOORA,,5.870118,9.567486,9.284025
2025-08-28 14:00:00,solar.bun_hs2#realenergyintotheload#kwh,BUNDOORA,,3.7689288,9.298299,9.022814
2025-08-28 14:30:00,solar.bun_hs2#realenergyintotheload#kwh,BUNDOORA,,3.0661674,8.767607,8.507845
2025-08-28 15:00:00,solar.bun_hs2#realenergyintotheload#kwh,BUNDOORA,,3.3581436,7.8578634,7.6250544
2025-08-28 15:30:00,solar.bun_hs2#realenergyintotheload#kwh,BUNDOORA,,3.8103793,7.1963105,6.983102
2025-08-28 16:00:00,solar.bun_hs2#realenergyintotheload#kwh,BUNDOORA,,2.0039992,5.337866,5.179718
2025-08-28 16:30:00,solar.bun_hs2#realenergyintotheload#kwh,BUNDOORA,,1.0694062,3.33264,3.2339022
2025-08-28 17:00:00,solar.bun_hs2#realenergyintotheload#kwh,BUNDOORA,,0.45674884,2.1027784,2.0404785
2025-08-28 17:30:00,solar.bun_hs2#realenergyintotheload#kwh,BUNDOORA,,0.124659196,1.0732297,1.0414325
2025-08-28 18:00:00,solar.bun_hs2#realenergyintotheload#kwh,BUNDOORA,,0.13663755,0.10064279,0.097660996
2025-08-28 18:30:00,solar.bun_hs2#realenergyintotheload#kwh,BUNDOORA,,0.07048649,-0.00039865953,0.0
2025-08-28 19:00:00,solar.bun_hs2#realenergyintotheload#kwh,BUNDOORA,,0.05199602,0.0025744182,0.0024981445
2025-08-28 19:30:00,solar.bun_hs2#realenergyintotheload#kwh,BUNDOORA,,-0.041187387,0.0025744182,0.0024981445
2025-08-28 20:00:00,solar.bun_hs2#realenergyintotheload#kwh,BUNDOORA,,0.031386185,0.0025744182,0.0024981445
2025-08-28 20:30:00,solar.bun_hs2#realenergyintotheload#kwh,BUNDOORA,,2.7856271,-0.000735853,0.0
2025-08-28 21:00:00,solar.bun_hs2#realenergyintotheload#kwh,BUNDOORA,,0.021225851,-0.0028118421,0.0
2025-08-28 21:30:00,solar.bun_hs2#realenergyintotheload#kwh,BUNDOORA,,0.021225851,-0.0028118421,0.0
2025-08-28 22:00:00,solar.bun_hs2#realenergyintotheload#kwh,BUNDOORA,,2.7700775,-0.000735853,0.0
2025-08-28 22:30:00,solar.bun_hs2#realenergyintotheload#kwh,BUNDOORA,,0.16460033,-0.002780001,0.0
2025-08-28 23:00:00,solar.bun_hs2#realenergyintotheload#kwh,BUNDOORA,,0.0181981,-0.009340994,0.0
2025-08-28 23:30:00,solar.bun_hs2#realenergyintotheload#kwh,BUNDOORA,,-0.07603231,0.0027350455,0.002654013
2025-08-29 00:00:00,solar.bun_hs2#realenergyintotheload#kwh,BUNDOORA,,0.011770555,0.0027350455,0.002654013
2025-08-29 00:30:00,solar.bun_hs2#realenergyintotheload#kwh,BUNDOORA,,-0.0020673797,0.008301679,0.008055721
2025-08-29 01:00:00,solar.bun_hs2#realenergyintotheload#kwh,BUNDOORA,,0.014540416,0.008457051,0.0082064895
2025-08-29 01:30:00,solar.bun_hs2#realenergyintotheload#kwh,BUNDOORA,,0.014540416,0.0011309631,0.0010974555
2025-08-29 02:00:00,solar.bun_hs2#realenergyintotheload#kwh,BUNDOORA,,-0.19468223,0.008022499,0.0077848127
2025-08-29 02:30:00,solar.bun_hs2#realenergyintotheload#kwh,BUNDOORA,,-0.02427838,0.00057682843,0.00055973843
2025-08-29 03:00:00,solar.bun_hs2#realenergyintotheload#kwh,BUNDOORA,,0.059324253,0.0032462196,0.0031500421
2025-08-29 03:30:00,solar.bun_hs2#realenergyintotheload#kwh,BUNDOORA,,0.010692846,0.0022572463,0.0021903696
2025-08-29 04:00:00,solar.bun_hs2#realenergyintotheload#kwh,BUNDOORA,,-0.037718344,0.0022572463,0.0021903696
2025-08-29 04:30:00,solar.bun_hs2#realenergyintotheload#kwh,BUNDOORA,,-0.12969653,0.003463042,0.0033604407
2025-08-29 05:00:00,solar.bun_hs2#realenergyintotheload#kwh,BUNDOORA,,-0.11818627,0.017009687,0.016505731
2025-08-29 05:30:00,solar.bun_hs2#realenergyintotheload#kwh,BUNDOORA,,-0.11708823,0.015813503,0.015344989
2025-08-29 06:00:00,solar.bun_hs2#realenergyintotheload#kwh,BUNDOORA,,-0.08739224,0.0074770735,0.0072555463
2025-08-29 06:30:00,solar.bun_hs2#realenergyintotheload#kwh,BUNDOORA,,0.010232285,0.013401824,0.013004761
2025-08-29 07:00:00,solar.bun_hs2#realenergyintotheload#kwh,BUNDOORA,,0.2998494,-0.0119498065,0.0
2025-08-29 07:30:00,solar.bun_hs2#realenergyintotheload#kwh,BUNDOORA,,0.85887235,0.3652099,0.35438964
2025-08-29 08:00:00,solar.bun_hs2#realenergyintotheload#kwh,BUNDOORA,,1.2776369,1.1928253,1.1574849
2025-08-29 08:30:00,solar.bun_hs2#realenergyintotheload#kwh,BUNDOORA,,1.0952492,2.9450576,2.8578029
2025-08-29 09:00:00,solar.bun_hs2#realenergyintotheload#kwh,BUNDOORA,,0.90296865,3.9872377,3.8691058
2025-08-29 09:30:00,solar.bun_hs2#realenergyintotheload#kwh,BUNDOORA,,1.169139,5.5315437,5.367658
2025-08-29 10:00:00,solar.bun_hs2#realenergyintotheload#kwh,BUNDOORA,,2.0900772,6.385789,6.1965938
2025-08-29 10:30:00,solar.bun_hs2#realenergyintotheload#kwh,BUNDOORA,,3.6167753,6.74186,6.542115
2025-08-29 11:00:00,solar.bun_hs2#realenergyintotheload#kwh,BUNDOORA,,2.0599086,6.709797,6.5110025
2025-08-29 11:30:00,solar.bun_hs2#realenergyintotheload#kwh,BUNDOORA,,4.259789,6.5175424,6.324444
2025-08-29 12:00:00,solar.bun_hs2#realenergyintotheload#kwh,BUNDOORA,,5.2811646,6.6201196,6.423982
2025-08-29 12:30:00,solar.bun_hs2#realenergyintotheload#kwh,BUNDOORA,,6.0577927,6.6852593,6.4871917
2025-08-29 13:00:00,solar.bun_hs2#realenergyintotheload#kwh,BUNDOORA,,6.796756,6.9905286,6.7834167
2025-08-29 13:30:00,solar.bun_hs2#realenergyintotheload#kwh,BUNDOORA,,10.205795,7.7203255,7.4915915
2025-08-29 14:00:00,solar.bun_hs2#realenergyintotheload#kwh,BUNDOORA,,9.841977,8.482738,8.231415
2025-08-29 14:30:00,solar.bun_hs2#realenergyintotheload#kwh,BUNDOORA,,7.285476,8.291893,8.046225
2025-08-29 15:00:00,solar.bun_hs2#realenergyintotheload#kwh,BUNDOORA,,5.7379284,7.626598,7.400641
2025-08-29 15:30:00,solar.bun_hs2#realenergyintotheload#kwh,BUNDOORA,,5.6433444,6.5862374,6.3911037
2025-08-29 16:00:00,solar.bun_hs2#realenergyintotheload#kwh,BUNDOORA,,0.63753617,4.962457,4.815432
2025-08-29 16:30:00,solar.bun_hs2#realenergyintotheload#kwh,BUNDOORA,,0.36271763,3.2936862,3.1961024
2025-08-29 17:00:00,solar.bun_hs2#realenergyintotheload#kwh,BUNDOORA,,1.0166801,1.93227,1.8750217
2025-08-29 17:30:00,solar.bun_hs2#realenergyintotheload#kwh,BUNDOORA,,0.05502637,0.5720122,0.5550649
2025-08-29 18:00:00,solar.bun_hs2#realenergyintotheload#kwh,BUNDOORA,,-0.0961069,-0.0031483485,0.0
2025-08-29 18:30:00,solar.bun_hs2#realenergyintotheload#kwh,BUNDOORA,,-0.19712938,0.027190613,0.026385022
2025-08-29 19:00:00,solar.bun_hs2#realenergyintotheload#kwh,BUNDOORA,,-0.07356858,0.027190613,0.026385022
2025-08-29 19:30:00,solar.bun_hs2#realenergyintotheload#kwh,BUNDOORA,,-0.09016599,0.027190613,0.026385022
2025-08-29 20:00:00,solar.bun_hs2#realenergyintotheload#kwh,BUNDOORA,,-0.08574471,0.027190613,0.026385022
2025-08-29 20:30:00,solar.bun_hs2#realenergyintotheload#kwh,BUNDOORA,,-0.108703494,0.027190613,0.026385022
2025-08-29 21:00:00,solar.bun_hs2#realenergyintotheload#kwh,BUNDOORA,,-0.062423304,0.027190613,0.026385022
2025-08-29 21:30:00,solar.bun_hs2#realenergyintotheload#kwh,BUNDOORA,,-0.13403302,0.023181219,0.022494417
2025-08-29 22:00:00,solar.bun_hs2#realenergyintotheload#kwh,BUNDOORA,,-0.035913322,0.004490006,0.004356978
2025-08-29 22:30:00,solar.bun_hs2#realenergyintotheload#kwh,BUNDOORA,,-0.05111569,0.0065574185,0.0063631386
2025-08-29 23:00:00,solar.bun_hs2#realenergyintotheload#kwh,BUNDOORA,,-0.09024514,0.0065574185,0.0063631386
2025-08-29 23:30:00,solar.bun_hs2#realenergyintotheload#kwh,BUNDOORA,,-0.09055075,0.0065574185,0.0063631386
2025-08-30 00:00:00,solar.bun_hs2#realenergyintotheload#kwh,BUNDOORA,,-0.08385551,0.009286747,0.009011604
2025-08-30 00:30:00,solar.bun_hs2#realenergyintotheload#kwh,BUNDOORA,,0.010069482,0.023622002,0.022922141
2025-08-30 01:00:00,solar.bun_hs2#realenergyintotheload#kwh,BUNDOORA,,-0.031593703,-0.014236868,0.0
2025-08-30 01:30:00,solar.bun_hs2#realenergyintotheload#kwh,BUNDOORA,,-0.0062438655,0.0039558928,0.0038386895
2025-08-30 02:00:00,solar.bun_hs2#realenergyintotheload#kwh,BUNDOORA,,0.014858739,0.00095915806,0.0009307406
2025-08-30 02:30:00,solar.bun_hs2#realenergyintotheload#kwh,BUNDOORA,,0.013718745,0.00095915806,0.0009307406
2025-08-30 03:00:00,solar.bun_hs2#realenergyintotheload#kwh,BUNDOORA,,0.17395747,0.0027500975,0.002668619
2025-08-30 03:30:00,solar.bun_hs2#realenergyintotheload#kwh,BUNDOORA,,0.15708227,0.0039558928,0.0038386895
2025-08-30 04:00:00,solar.bun_hs2#realenergyintotheload#kwh,BUNDOORA,,-0.06531028,-0.014236868,0.0
2025-08-30 04:30:00,solar.bun_hs2#realenergyintotheload#kwh,BUNDOORA,,0.15708227,0.017502539,0.016983982
2025-08-30 05:00:00,solar.bun_hs2#realenergyintotheload#kwh,BUNDOORA,,-0.010517877,0.0058983252,0.005723573
2025-08-30 05:30:00,solar.bun_hs2#realenergyintotheload#kwh,BUNDOORA,,-0.06081874,0.0015401397,0.0014945092
2025-08-30 06:00:00,solar.bun_hs2#realenergyintotheload#kwh,BUNDOORA,,-0.07175632,0.001427868,0.0013855639
2025-08-30 06:30:00,solar.bun_hs2#realenergyintotheload#kwh,BUNDOORA,,0.046220653,0.008595495,0.008340832
2025-08-30 07:00:00,solar.bun_hs2#realenergyintotheload#kwh,BUNDOORA,,-0.013218934,0.008595495,0.008340832
2025-08-30 07:30:00,solar.bun_hs2#realenergyintotheload#kwh,BUNDOORA,,0.04473469,0.59003085,0.5725497
2025-08-30 08:00:00,solar.bun_hs2#realenergyintotheload#kwh,BUNDOORA,,-0.20773214,1.6273232,1.5791097
2025-08-30 08:30:00,solar.bun_hs2#realenergyintotheload#kwh,BUNDOORA,,0.6377709,3.481658,3.3785052
2025-08-30 09:00:00,solar.bun_hs2#realenergyintotheload#kwh,BUNDOORA,,1.7036747,5.84488,5.671711
2025-08-30 09:30:00,solar.bun_hs2#realenergyintotheload#kwh,BUNDOORA,,2.0179095,8.214008,7.970648
2025-08-30 10:00:00,solar.bun_hs2#realenergyintotheload#kwh,BUNDOORA,,4.1769576,10.213507,9.910906
2025-08-30 10:30:00,solar.bun_hs2#realenergyintotheload#kwh,BUNDOORA,,5.1043262,11.625642,11.281203
2025-08-30 11:00:00,solar.bun_hs2#realenergyintotheload#kwh,BUNDOORA,,6.6694813,12.371444,12.004909
2025-08-30 11:30:00,solar.bun_hs2#realenergyintotheload#kwh,BUNDOORA,,6.8813477,12.440945,12.0723505
2025-08-30 12:00:00,solar.bun_hs2#realenergyintotheload#kwh,BUNDOORA,,5.4260483,12.871614,12.490261
2025-08-30 12:30:00,solar.bun_hs2#realenergyintotheload#kwh,BUNDOORA,,4.284521,12.158449,11.798224
2025-08-30 13:00:00,solar.bun_hs2#realenergyintotheload#kwh,BUNDOORA,,5.8540287,12.387264,12.020261
2025-08-30 13:30:00,solar.bun_hs2#realenergyintotheload#kwh,BUNDOORA,,5.882889,12.08812,11.7299795
2025-08-30 14:00:00,solar.bun_hs2#realenergyintotheload#kwh,BUNDOORA,,4.6712136,11.270255,10.936346
2025-08-30 14:30:00,solar.bun_hs2#realenergyintotheload#kwh,BUNDOORA,,4.1044126,10.620469,10.305811
2025-08-30 15:00:00,solar.bun_hs2#realenergyintotheload#kwh,BUNDOORA,,2.9801497,9.580185,9.296348
2025-08-30 15:30:00,solar.bun_hs2#realenergyintotheload#kwh,BUNDOORA,,4.058087,8.1999035,7.9569607
2025-08-30 16:00:00,solar.bun_hs2#realenergyintotheload#kwh,BUNDOORA,,5.3516116,6.687921,6.4897747
2025-08-30 16:30:00,solar.bun_hs2#realenergyintotheload#kwh,BUNDOORA,,2.2176077,4.3226695,4.1945996
2025-08-30 17:00:00,solar.bun_hs2#realenergyintotheload#kwh,BUNDOORA,,0.97844315,2.397207,2.3261838
2025-08-30 17:30:00,solar.bun_hs2#realenergyintotheload#kwh,BUNDOORA,,0.88815624,1.2628468,1.2254318
2025-08-30 18:00:00,solar.bun_hs2#realenergyintotheload#kwh,BUNDOORA,,0.50544703,0.23581704,0.22883038
2025-08-30 18:30:00,solar.bun_hs2#realenergyintotheload#kwh,BUNDOORA,,0.6498555,0.11991984,0.11636691
2025-08-30 19:00:00,solar.bun_hs2#realenergyintotheload#kwh,BUNDOORA,,0.3197962,0.14188987,0.13768603
2025-08-30 19:30:00,solar.bun_hs2#realenergyintotheload#kwh,BUNDOORA,,0.009627809,0.12226362,0.11864125
2025-08-30 20:00:00,solar.bun_hs2#realenergyintotheload#kwh,BUNDOORA,,-0.038756724,-0.041635007,0.0
2025-08-30 20:30:00,solar.bun_hs2#realenergyintotheload#kwh,BUNDOORA,,-0.03987476,0.011187922,0.010856452
2025-08-30 21:00:00,solar.bun_hs2#realenergyintotheload#kwh,BUNDOORA,,0.028793223,0.014339266,0.01391443
2025-08-30 21:30:00,solar.bun_hs2#realenergyintotheload#kwh,BUNDOORA,,-0.106375575,0.004524951,0.004390888
2025-08-30 22:00:00,solar.bun_hs2#realenergyintotheload#kwh,BUNDOORA,,-0.1534,0.004524951,0.004390888
2025-08-30 22:30:00,solar.bun_hs2#realenergyintotheload#kwh,BUNDOORA,,-0.09924344,0.0021991322,0.0021339774
2025-08-30 23:00:00,solar.bun_hs2#realenergyintotheload#kwh,BUNDOORA,,-0.02913035,0.006406391,0.0062165856
2025-08-30 23:30:00,solar.bun_hs2#realenergyintotheload#kwh,BUNDOORA,,-0.016029691,0.0018633103,0.0018081052
2025-08-31 00:00:00,solar.bun_hs2#realenergyintotheload#kwh,BUNDOORA,,-0.11136187,0.0066314703,0.0064349966
2025-08-31 00:30:00,solar.bun_hs2#realenergyintotheload#kwh,BUNDOORA,,-0.04623134,0.011618935,0.011274694
2025-08-31 01:00:00,solar.bun_hs2#realenergyintotheload#kwh,BUNDOORA,,-0.059867054,0.0029110343,0.0028247875
2025-08-31 01:30:00,solar.bun_hs2#realenergyintotheload#kwh,BUNDOORA,,-0.021677196,0.0029110343,0.0028247875
2025-08-31 02:00:00,solar.bun_hs2#realenergyintotheload#kwh,BUNDOORA,,-0.06755108,0.0029110343,0.0028247875
2025-08-31 02:30:00,solar.bun_hs2#realenergyintotheload#kwh,BUNDOORA,,-0.07337682,0.0029108606,0.002824619
2025-08-31 03:00:00,solar.bun_hs2#realenergyintotheload#kwh,BUNDOORA,,-0.07904567,0.0027985887,0.0027156735
2025-08-31 03:30:00,solar.bun_hs2#realenergyintotheload#kwh,BUNDOORA,,-0.07904567,-0.0022498409,0.0
2025-08-31 04:00:00,solar.bun_hs2#realenergyintotheload#kwh,BUNDOORA,,-0.07337682,-0.0022498409,0.0
2025-08-31 04:30:00,solar.bun_hs2#realenergyintotheload#kwh,BUNDOORA,,-0.07337682,7.7106844e-05,7.482236e-05
2025-08-31 05:00:00,solar.bun_hs2#realenergyintotheload#kwh,BUNDOORA,,-0.07337682,7.7106844e-05,7.482236e-05
2025-08-31 05:30:00,solar.bun_hs2#realenergyintotheload#kwh,BUNDOORA,,-0.08312656,7.7106844e-05,7.482236e-05
2025-08-31 06:00:00,solar.bun_hs2#realenergyintotheload#kwh,BUNDOORA,,-0.06903066,7.7106844e-05,7.482236e-05
2025-08-31 06:30:00,solar.bun_hs2#realenergyintotheload#kwh,BUNDOORA,,-0.023273787,7.7106844e-05,7.482236e-05
2025-08-31 07:00:00,solar.bun_hs2#realenergyintotheload#kwh,BUNDOORA,,0.084847465,7.7106844e-05,7.482236e-05
2025-08-31 07:30:00,solar.bun_hs2#realenergyintotheload#kwh,BUNDOORA,,0.001381368,0.42780414,0.41512936
2025-08-31 08:00:00,solar.bun_hs2#realenergyintotheload#kwh,BUNDOORA,,-0.12998767,1.4715538,1.4279554
2025-08-31 08:30:00,solar.bun_hs2#realenergyintotheload#kwh,BUNDOORA,,1.7141757,3.3562298,3.256793
2025-08-31 09:00:00,solar.bun_hs2#realenergyintotheload#kwh,BUNDOORA,,3.1182733,5.8697352,5.69583
2025-08-31 09:30:00,solar.bun_hs2#realenergyintotheload#kwh,BUNDOORA,,4.099048,8.151745,7.910229
2025-08-31 10:00:00,solar.bun_hs2#realenergyintotheload#kwh,BUNDOORA,,3.017985,9.8299055,9.53867
2025-08-31 10:30:00,solar.bun_hs2#realenergyintotheload#kwh,BUNDOORA,,5.4923015,10.896509,10.573673
2025-08-31 11:00:00,solar.bun_hs2#realenergyintotheload#kwh,BUNDOORA,,5.78034,12.107592,11.748874
2025-08-31 11:30:00,solar.bun_hs2#realenergyintotheload#kwh,BUNDOORA,,4.5046515,11.713904,11.366851
2025-08-31 12:00:00,solar.bun_hs2#realenergyintotheload#kwh,BUNDOORA,,5.3477,11.7939415,11.444516
2025-08-31 12:30:00,solar.bun_hs2#realenergyintotheload#kwh,BUNDOORA,,5.4712815,11.565687,11.223024
2025-08-31 13:00:00,solar.bun_hs2#realenergyintotheload#kwh,BUNDOORA,,5.510965,10.764694,10.445764
2025-08-31 13:30:00,solar.bun_hs2#realenergyintotheload#kwh,BUNDOORA,,4.8680186,10.49616,10.1851845
2025-08-31 14:00:00,solar.bun_hs2#realenergyintotheload#kwh,BUNDOORA,,5.4469314,9.57834,9.294558
2025-08-31 14:30:00,solar.bun_hs2#realenergyintotheload#kwh,BUNDOORA,,5.8596916,8.547901,8.294648
2025-08-31 15:00:00,solar.bun_hs2#realenergyintotheload#kwh,BUNDOORA,,2.1907573,7.784814,7.554169
2025-08-31 15:30:00,solar.bun_hs2#realenergyintotheload#kwh,BUNDOORA,,2.8762872,6.5063334,6.313567
2025-08-31 16:00:00,solar.bun_hs2#realenergyintotheload#kwh,BUNDOORA,,1.9741476,5.094733,4.943789
2025-08-31 16:30:00,solar.bun_hs2#realenergyintotheload#kwh,BUNDOORA,,1.6392455,3.514226,3.4101083
2025-08-31 17:00:00,solar.bun_hs2#realenergyintotheload#kwh,BUNDOORA,,1.3744308,2.026011,1.9659853
2025-08-31 17:30:00,solar.bun_hs2#realenergyintotheload#kwh,BUNDOORA,,1.7768922,0.56272924,0.546057
2025-08-31 18:00:00,solar.bun_hs2#realenergyintotheload#kwh,BUNDOORA,,0.6150468,0.04106336,0.039846756
2025-08-31 18:30:00,solar.bun_hs2#realenergyintotheload#kwh,BUNDOORA,,0.32389358,0.010557584,0.0102447895
2025-08-31 19:00:00,solar.bun_hs2#realenergyintotheload#kwh,BUNDOORA,,0.117925264,0.011738105,0.011390334
2025-08-31 19:30:00,solar.bun_hs2#realenergyintotheload#kwh,BUNDOORA,,0.041075155,0.004143639,0.0040208735
2025-08-31 20:00:00,solar.bun_hs2#realenergyintotheload#kwh,BUNDOORA,,0.016278222,-0.03409276,0.0
2025-08-31 20:30:00,solar.bun_hs2#realenergyintotheload#kwh,BUNDOORA,,0.0010280088,0.0050460463,0.0048965444
2025-08-31 21:00:00,solar.bun_hs2#realenergyintotheload#kwh,BUNDOORA,,-0.047910083,0.00910965,0.008839753
2025-08-31 21:30:00,solar.bun_hs2#realenergyintotheload#kwh,BUNDOORA,,-0.05363672,0.0042373077,0.004111767
2025-08-31 22:00:00,solar.bun_hs2#realenergyintotheload#kwh,BUNDOORA,,-0.054776717,0.010625081,0.010310287
2025-08-31 22:30:00,solar.bun_hs2#realenergyintotheload#kwh,BUNDOORA,,-0.026592497,0.007845171,0.007612738
2025-08-31 23:00:00,solar.bun_hs2#realenergyintotheload#kwh,BUNDOORA,,-0.026592497,0.0035664707,0.0034608052
2025-08-31 23:30:00,solar.bun_hs2#realenergyintotheload#kwh,BUNDOORA,,-0.0761733,-0.0066105053,0.0
2025-09-01 00:00:00,solar.bun_hs2#realenergyintotheload#kwh,BUNDOORA,,-0.016759051,-0.0067116097,0.0
2025-09-01 00:30:00,solar.bun_hs2#realenergyintotheload#kwh,BUNDOORA,,-0.016759051,-0.0067116097,0.0
2025-09-01 01:00:00,solar.bun_hs2#realenergyintotheload#kwh,BUNDOORA,,0.0069326144,-0.0041630184,0.0
2025-09-01 01:30:00,solar.bun_hs2#realenergyintotheload#kwh,BUNDOORA,,-0.0096751815,-0.0041630184,0.0
2025-09-01 02:00:00,solar.bun_hs2#realenergyintotheload#kwh,BUNDOORA,,0.02851468,-0.0041630184,0.0
2025-09-01 02:30:00,solar.bun_hs2#realenergyintotheload#kwh,BUNDOORA,,-0.008937931,-0.004306676,0.0
2025-09-01 03:00:00,solar.bun_hs2#realenergyintotheload#kwh,BUNDOORA,,-0.07553715,-0.004306676,0.0
2025-09-01 03:30:00,solar.bun_hs2#realenergyintotheload#kwh,BUNDOORA,,0.037244096,-0.011851624,0.0
2025-09-01 04:00:00,solar.bun_hs2#realenergyintotheload#kwh,BUNDOORA,,0.037244096,-0.00039865953,0.0
2025-09-01 04:30:00,solar.bun_hs2#realenergyintotheload#kwh,BUNDOORA,,0.039777182,-0.00039865953,0.0
2025-09-01 05:00:00,solar.bun_hs2#realenergyintotheload#kwh,BUNDOORA,,0.039308652,-0.00039865953,0.0
2025-09-01 05:30:00,solar.bun_hs2#realenergyintotheload#kwh,BUNDOORA,,0.039308652,-0.00039865953,0.0
2025-09-01 06:00:00,solar.bun_hs2#realenergyintotheload#kwh,BUNDOORA,,0.088495545,-0.00039865953,0.0
2025-09-01 06:30:00,solar.bun_hs2#realenergyintotheload#kwh,BUNDOORA,,0.13424066,-0.00039865953,0.0
2025-09-01 07:00:00,solar.bun_hs2#realenergyintotheload#kwh,BUNDOORA,,0.1617801,-0.0029472508,0.0
2025-09-01 07:30:00,solar.bun_hs2#realenergyintotheload#kwh,BUNDOORA,,0.08189568,0.7894468,0.76605743
2025-09-01 08:00:00,solar.bun_hs2#realenergyintotheload#kwh,BUNDOORA,,-0.01575565,2.1521306,2.0883684
2025-09-01 08:30:00,solar.bun_hs2#realenergyintotheload#kwh,BUNDOORA,,2.0201583,4.6226835,4.485725
2025-09-01 09:00:00,solar.bun_hs2#realenergyintotheload#kwh,BUNDOORA,,2.690579,7.3194356,7.102579
2025-09-01 09:30:00,solar.bun_hs2#realenergyintotheload#kwh,BUNDOORA,,3.7863553,11.166755,10.835912
2025-09-01 10:00:00,solar.bun_hs2#realenergyintotheload#kwh,BUNDOORA,,3.8386,14.098179,13.680485
2025-09-01 10:30:00,solar.bun_hs2#realenergyintotheload#kwh,BUNDOORA,,7.668303,16.927876,16.426344
2025-09-01 11:00:00,solar.bun_hs2#realenergyintotheload#kwh,BUNDOORA,,8.37376,18.556973,18.007175
2025-09-01 11:30:00,solar.bun_hs2#realenergyintotheload#kwh,BUNDOORA,,7.9187393,19.531466,18.952797
2025-09-01 12:00:00,solar.bun_hs2#realenergyintotheload#kwh,BUNDOORA,,6.3858895,19.658312,19.075886
2025-09-01 12:30:00,solar.bun_hs2#realenergyintotheload#kwh,BUNDOORA,,5.154777,19.716616,19.132462
2025-09-01 13:00:00,solar.bun_hs2#realenergyintotheload#kwh,BUNDOORA,,5.1369867,18.761848,18.205982
2025-09-01 13:30:00,solar.bun_hs2#realenergyintotheload#kwh,BUNDOORA,,5.87175,17.879526,17.3498
2025-09-01 14:00:00,solar.bun_hs2#realenergyintotheload#kwh,BUNDOORA,,9.390504,16.11804,15.640503
2025-09-01 14:30:00,solar.bun_hs2#realenergyintotheload#kwh,BUNDOORA,,11.04305,13.761294,13.353581
2025-09-01 15:00:00,solar.bun_hs2#realenergyintotheload#kwh,BUNDOORA,,5.472415,11.325306,10.989765
2025-09-01 15:30:00,solar.bun_hs2#realenergyintotheload#kwh,BUNDOORA,,1.7622098,8.968938,8.703211
2025-09-01 16:00:00,solar.bun_hs2#realenergyintotheload#kwh,BUNDOORA,,4.0666437,6.7036476,6.5050354
